,UNIQUE_CARRIER_NAME,DATE,DG_1,DG_2,DG_3,DG_4,DG_5
0,Air Wisconsin Airlines Corp,2014-01-01,0.706,0.288,0.007,0,0
1,Air Wisconsin Airlines Corp,2014-02-01,0.744,0.249,0.007,0,0
2,Air Wisconsin Airlines Corp,2014-03-01,0.721,0.272,0.007,0,0
3,Air Wisconsin Airlines Corp,2014-04-01,0.734,0.259,0.007,0,0
4,Air Wisconsin Airlines Corp,2014-05-01,0.721,0.272,0.006,0,0
5,Air Wisconsin Airlines Corp,2014-06-01,0.723,0.271,0.006,0,0
6,Air Wisconsin Airlines Corp,2014-07-01,0.743,0.247,0.01,0,0
7,Air Wisconsin Airlines Corp,2014-08-01,0.748,0.245,0.007,0,0
8,Air Wisconsin Airlines Corp,2014-09-01,0.73,0.27,0.0,0,0
9,Air Wisconsin Airlines Corp,2014-10-01,0.713,0.287,0.0,0,0
10,Air Wisconsin Airlines Corp,2014-11-01,0.691,0.309,0.0,0,0
11,Air Wisconsin Airlines Corp,2014-12-01,0.68,0.32,0.0,0,0
12,Air Wisconsin Airlines Corp,2015-01-01,0.709,0.287,0.004,0,0
13,Air Wisconsin Airlines Corp,2015-02-01,0.717,0.283,0.0,0,0
14,Air Wisconsin Airlines Corp,2015-03-01,0.715,0.285,0.0,0,0
15,Air Wisconsin Airlines Corp,2015-04-01,0.726,0.274,0.0,0,0
16,Air Wisconsin Airlines Corp,2015-05-01,0.726,0.274,0.0,0,0
17,Air Wisconsin Airlines Corp,2015-06-01,0.728,0.268,0.003,0,0
18,Air Wisconsin Airlines Corp,2015-07-01,0.718,0.282,0.0,0,0
19,Air Wisconsin Airlines Corp,2015-08-01,0.732,0.268,0.0,0,0
20,Air Wisconsin Airlines Corp,2015-09-01,0.727,0.273,0.0,0,0
21,Air Wisconsin Airlines Corp,2015-10-01,0.702,0.298,0.0,0,0
22,Air Wisconsin Airlines Corp,2015-11-01,0.678,0.322,0.0,0,0
23,Air Wisconsin Airlines Corp,2015-12-01,0.688,0.306,0.006,0,0
24,Air Wisconsin Airlines Corp,2016-01-01,0.707,0.285,0.007,0,0
25,Air Wisconsin Airlines Corp,2016-02-01,0.703,0.297,0.0,0,0
26,Air Wisconsin Airlines Corp,2016-03-01,0.701,0.299,0.0,0,0
27,Air Wisconsin Airlines Corp,2016-04-01,0.711,0.289,0.0,0,0
28,Air Wisconsin Airlines Corp,2016-05-01,0.693,0.307,0.0,0,0
29,Air Wisconsin Airlines Corp,2016-06-01,0.717,0.276,0.007,0,0
30,Air Wisconsin Airlines Corp,2016-07-01,0.713,0.28,0.007,0,0
31,Air Wisconsin Airlines Corp,2016-08-01,0.722,0.271,0.007,0,0
32,Air Wisconsin Airlines Corp,2016-09-01,0.746,0.254,0.0,0,0
33,Air Wisconsin Airlines Corp,2016-10-01,0.742,0.258,0.0,0,0
34,Air Wisconsin Airlines Corp,2016-11-01,0.706,0.294,0.0,0,0
35,Air Wisconsin Airlines Corp,2016-12-01,0.727,0.273,0.0,0,0
36,Air Wisconsin Airlines Corp,2017-01-01,0.696,0.304,0.0,0,0
37,Air Wisconsin Airlines Corp,2017-02-01,0.705,0.295,0.0,0,0
38,Air Wisconsin Airlines Corp,2017-03-01,0.734,0.266,0.0,0,0
39,Air Wisconsin Airlines Corp,2017-04-01,0.779,0.221,0.0,0,0
40,Air Wisconsin Airlines Corp,2017-05-01,0.764,0.236,0.0,0,0
41,Air Wisconsin Airlines Corp,2017-06-01,0.731,0.269,0.0,0,0
42,Air Wisconsin Airlines Corp,2017-07-01,0.716,0.284,0.0,0,0
43,Air Wisconsin Airlines Corp,2017-08-01,0.714,0.286,0.0,0,0
44,Air Wisconsin Airlines Corp,2017-09-01,0.696,0.304,0.0,0,0
45,Air Wisconsin Airlines Corp,2017-10-01,0.739,0.261,0.0,0,0
46,Air Wisconsin Airlines Corp,2017-11-01,0.753,0.247,0.0,0,0
47,Air Wisconsin Airlines Corp,2017-12-01,0.737,0.263,0.0,0,0
48,Air Wisconsin Airlines Corp,2018-01-01,0.729,0.271,0.0,0,0
49,Air Wisconsin Airlines Corp,2018-02-01,0.702,0.298,0.0,0,0
50,Air Wisconsin Airlines Corp,2018-03-01,0.688,0.312,0.0,0,0
51,Air Wisconsin Airlines Corp,2018-04-01,0.671,0.329,0.0,0,0
52,Air Wisconsin Airlines Corp,2018-05-01,0.692,0.308,0.0,0,0
53,Air Wisconsin Airlines Corp,2018-06-01,0.611,0.389,0.0,0,0
54,Air Wisconsin Airlines Corp,2018-07-01,0.633,0.367,0.0,0,0
55,Air Wisconsin Airlines Corp,2018-08-01,0.594,0.406,0.0,0,0
56,Air Wisconsin Airlines Corp,2018-09-01,0.591,0.409,0.0,0,0
57,Air Wisconsin Airlines Corp,2018-10-01,0.617,0.383,0.0,0,0
58,Air Wisconsin Airlines Corp,2018-11-01,0.615,0.385,0.0,0,0
59,Air Wisconsin Airlines Corp,2018-12-01,0.621,0.379,0.0,0,0
60,Air Wisconsin Airlines Corp,2019-01-01,0.607,0.393,0.0,0,0
61,Air Wisconsin Airlines Corp,2019-02-01,0.625,0.375,0.0,0,0
62,Air Wisconsin Airlines Corp,2019-03-01,0.616,0.384,0.0,0,0
63,Air Wisconsin Airlines Corp,2019-04-01,0.614,0.386,0.0,0,0
64,Air Wisconsin Airlines Corp,2019-05-01,0.624,0.376,0.0,0,0
65,Air Wisconsin Airlines Corp,2019-06-01,0.6,0.4,0.0,0,0
66,Air Wisconsin Airlines Corp,2019-07-01,0.597,0.403,0.0,0,0
67,Air Wisconsin Airlines Corp,2019-08-01,0.63,0.37,0.0,0,0
68,Air Wisconsin Airlines Corp,2019-09-01,0.647,0.353,0.0,0,0
69,Air Wisconsin Airlines Corp,2019-10-01,0.626,0.374,0.0,0,0
70,Air Wisconsin Airlines Corp,2019-11-01,0.642,0.358,0.0,0,0
71,Air Wisconsin Airlines Corp,2019-12-01,0.622,0.378,0.0,0,0
72,Alaska Airlines Inc.,2014-01-01,0.178,0.395,0.119,0.093,0.108
73,Alaska Airlines Inc.,2014-02-01,0.183,0.369,0.124,0.11,0.106
74,Alaska Airlines Inc.,2014-03-01,0.186,0.374,0.117,0.102,0.106
75,Alaska Airlines Inc.,2014-04-01,0.204,0.37,0.123,0.095,0.109
76,Alaska Airlines Inc.,2014-05-01,0.201,0.383,0.126,0.093,0.106
77,Alaska Airlines Inc.,2014-06-01,0.186,0.389,0.109,0.109,0.122
78,Alaska Airlines Inc.,2014-07-01,0.193,0.39,0.106,0.11,0.124
79,Alaska Airlines Inc.,2014-08-01,0.206,0.377,0.103,0.105,0.12
80,Alaska Airlines Inc.,2014-09-01,0.188,0.377,0.113,0.119,0.117
81,Alaska Airlines Inc.,2014-10-01,0.182,0.387,0.118,0.112,0.114
82,Alaska Airlines Inc.,2014-11-01,0.2,0.382,0.129,0.099,0.099
83,Alaska Airlines Inc.,2014-12-01,0.185,0.382,0.125,0.107,0.1
84,Alaska Airlines Inc.,2015-01-01,0.199,0.379,0.118,0.109,0.099
85,Alaska Airlines Inc.,2015-02-01,0.195,0.384,0.122,0.106,0.096
86,Alaska Airlines Inc.,2015-03-01,0.194,0.381,0.123,0.095,0.108
87,Alaska Airlines Inc.,2015-04-01,0.188,0.357,0.119,0.096,0.119
88,Alaska Airlines Inc.,2015-05-01,0.193,0.375,0.117,0.095,0.122
89,Alaska Airlines Inc.,2015-06-01,0.211,0.37,0.113,0.105,0.115
90,Alaska Airlines Inc.,2015-07-01,0.234,0.368,0.112,0.093,0.107
91,Alaska Airlines Inc.,2015-08-01,0.183,0.383,0.123,0.117,0.115
92,Alaska Airlines Inc.,2015-09-01,0.161,0.38,0.124,0.122,0.13
93,Alaska Airlines Inc.,2015-10-01,0.17,0.394,0.128,0.112,0.122
94,Alaska Airlines Inc.,2015-11-01,0.169,0.358,0.126,0.113,0.133
95,Alaska Airlines Inc.,2015-12-01,0.168,0.356,0.126,0.112,0.136
96,Alaska Airlines Inc.,2016-01-01,0.159,0.365,0.118,0.117,0.139
97,Alaska Airlines Inc.,2016-02-01,0.161,0.359,0.114,0.13,0.129
98,Alaska Airlines Inc.,2016-03-01,0.165,0.369,0.125,0.114,0.133
99,Alaska Airlines Inc.,2016-04-01,0.161,0.374,0.118,0.122,0.129
100,Alaska Airlines Inc.,2016-05-01,0.166,0.373,0.115,0.125,0.142
101,Alaska Airlines Inc.,2016-06-01,0.171,0.358,0.119,0.132,0.143
102,Alaska Airlines Inc.,2016-07-01,0.163,0.347,0.126,0.148,0.14
103,Alaska Airlines Inc.,2016-08-01,0.195,0.356,0.125,0.114,0.135
104,Alaska Airlines Inc.,2016-09-01,0.177,0.366,0.135,0.116,0.134
105,Alaska Airlines Inc.,2016-10-01,0.175,0.382,0.134,0.113,0.117
106,Alaska Airlines Inc.,2016-11-01,0.185,0.357,0.12,0.105,0.133
107,Alaska Airlines Inc.,2016-12-01,0.178,0.356,0.122,0.115,0.137
108,Alaska Airlines Inc.,2017-01-01,0.169,0.353,0.12,0.127,0.147
109,Alaska Airlines Inc.,2017-02-01,0.172,0.359,0.125,0.12,0.128
110,Alaska Airlines Inc.,2017-03-01,0.183,0.345,0.118,0.106,0.145
111,Alaska Airlines Inc.,2017-04-01,0.172,0.344,0.12,0.114,0.144
112,Alaska Airlines Inc.,2017-05-01,0.177,0.358,0.122,0.121,0.137
113,Alaska Airlines Inc.,2017-06-01,0.2,0.34,0.111,0.117,0.153
114,Alaska Airlines Inc.,2017-07-01,0.204,0.329,0.108,0.118,0.157
115,Alaska Airlines Inc.,2017-08-01,0.199,0.336,0.106,0.119,0.158
116,Alaska Airlines Inc.,2017-09-01,0.189,0.312,0.129,0.138,0.145
117,Alaska Airlines Inc.,2017-10-01,0.184,0.329,0.125,0.133,0.146
118,Alaska Airlines Inc.,2017-11-01,0.159,0.317,0.114,0.142,0.149
119,Alaska Airlines Inc.,2017-12-01,0.158,0.317,0.109,0.144,0.153
120,Alaska Airlines Inc.,2018-01-01,0.154,0.315,0.108,0.142,0.164
121,Alaska Airlines Inc.,2018-02-01,0.157,0.34,0.104,0.133,0.151
122,Alaska Airlines Inc.,2018-03-01,0.152,0.334,0.107,0.136,0.146
123,Alaska Airlines Inc.,2018-04-01,0.15,0.267,0.098,0.161,0.204
124,Alaska Airlines Inc.,2018-05-01,0.173,0.256,0.095,0.15,0.202
125,Alaska Airlines Inc.,2018-06-01,0.156,0.268,0.103,0.141,0.213
126,Alaska Airlines Inc.,2018-07-01,0.186,0.248,0.093,0.139,0.214
127,Alaska Airlines Inc.,2018-08-01,0.189,0.251,0.088,0.142,0.21
128,Alaska Airlines Inc.,2018-09-01,0.162,0.274,0.099,0.141,0.202
129,Alaska Airlines Inc.,2018-10-01,0.173,0.261,0.101,0.145,0.202
130,Alaska Airlines Inc.,2018-11-01,0.176,0.257,0.097,0.135,0.202
131,Alaska Airlines Inc.,2018-12-01,0.176,0.247,0.086,0.136,0.218
132,Alaska Airlines Inc.,2019-01-01,0.193,0.244,0.084,0.128,0.214
133,Alaska Airlines Inc.,2019-02-01,0.189,0.253,0.091,0.125,0.211
134,Alaska Airlines Inc.,2019-03-01,0.159,0.256,0.095,0.13,0.225
135,Alaska Airlines Inc.,2019-04-01,0.172,0.258,0.098,0.141,0.201
136,Alaska Airlines Inc.,2019-05-01,0.184,0.259,0.101,0.145,0.2
137,Alaska Airlines Inc.,2019-06-01,0.19,0.24,0.089,0.142,0.218
138,Alaska Airlines Inc.,2019-07-01,0.189,0.248,0.093,0.141,0.216
139,Alaska Airlines Inc.,2019-08-01,0.193,0.244,0.108,0.153,0.202
140,Alaska Airlines Inc.,2019-09-01,0.19,0.289,0.106,0.132,0.179
141,Alaska Airlines Inc.,2019-10-01,0.194,0.283,0.105,0.142,0.179
142,Alaska Airlines Inc.,2019-11-01,0.173,0.269,0.104,0.134,0.189
143,Alaska Airlines Inc.,2019-12-01,0.183,0.272,0.097,0.133,0.185
144,Allegiant Air,2014-01-01,0.11,0.456,0.362,0.047,0.003
145,Allegiant Air,2014-02-01,0.099,0.47,0.351,0.057,0.003
146,Allegiant Air,2014-03-01,0.088,0.463,0.387,0.04,0.003
147,Allegiant Air,2014-04-01,0.09,0.487,0.356,0.047,0.003
148,Allegiant Air,2014-05-01,0.101,0.505,0.339,0.046,0.002
149,Allegiant Air,2014-06-01,0.115,0.496,0.332,0.036,0.005
150,Allegiant Air,2014-07-01,0.098,0.515,0.322,0.042,0.004
151,Allegiant Air,2014-08-01,0.108,0.502,0.336,0.033,0.005
152,Allegiant Air,2014-09-01,0.105,0.485,0.358,0.036,0.009
153,Allegiant Air,2014-10-01,0.144,0.497,0.311,0.038,0.003
154,Allegiant Air,2014-11-01,0.098,0.504,0.336,0.047,0
155,Allegiant Air,2014-12-01,0.122,0.492,0.324,0.056,0
156,Allegiant Air,2015-01-01,0.093,0.506,0.334,0.06,0
157,Allegiant Air,2015-02-01,0.114,0.505,0.317,0.058,0
158,Allegiant Air,2015-03-01,0.091,0.486,0.351,0.066,0
159,Allegiant Air,2015-04-01,0.136,0.498,0.303,0.057,0
160,Allegiant Air,2015-05-01,0.082,0.549,0.314,0.049,0
161,Allegiant Air,2015-06-01,0.127,0.516,0.307,0.044,0
162,Allegiant Air,2015-07-01,0.099,0.526,0.327,0.043,0
163,Allegiant Air,2015-08-01,0.128,0.536,0.291,0.039,0
164,Allegiant Air,2015-09-01,0.127,0.55,0.276,0.041,0
165,Allegiant Air,2015-10-01,0.121,0.533,0.287,0.048,0.001
166,Allegiant Air,2015-11-01,0.09,0.528,0.334,0.037,0.004
167,Allegiant Air,2015-12-01,0.076,0.504,0.363,0.049,0.001
168,Allegiant Air,2016-01-01,0.089,0.505,0.339,0.06,0
169,Allegiant Air,2016-02-01,0.067,0.523,0.351,0.053,0
170,Allegiant Air,2016-03-01,0.056,0.508,0.374,0.052,0.001
171,Allegiant Air,2016-04-01,0.066,0.53,0.342,0.053,0.004
172,Allegiant Air,2016-05-01,0.106,0.532,0.302,0.053,0.002
173,Allegiant Air,2016-06-01,0.102,0.545,0.298,0.049,0.001
174,Allegiant Air,2016-07-01,0.118,0.54,0.293,0.044,0
175,Allegiant Air,2016-08-01,0.104,0.555,0.289,0.047,0.001
176,Allegiant Air,2016-09-01,0.119,0.575,0.261,0.039,0.002
177,Allegiant Air,2016-10-01,0.124,0.564,0.261,0.044,0.002
178,Allegiant Air,2016-11-01,0.101,0.557,0.284,0.049,0.004
179,Allegiant Air,2016-12-01,0.156,0.496,0.294,0.05,0.002
180,Allegiant Air,2017-01-01,0.097,0.517,0.33,0.048,0.006
181,Allegiant Air,2017-02-01,0.104,0.516,0.326,0.048,0.003
182,Allegiant Air,2017-03-01,0.086,0.524,0.324,0.062,0.001
183,Allegiant Air,2017-04-01,0.091,0.532,0.312,0.057,0.007
184,Allegiant Air,2017-05-01,0.111,0.561,0.274,0.051,0.002
185,Allegiant Air,2017-06-01,0.109,0.562,0.278,0.048,0
186,Allegiant Air,2017-07-01,0.106,0.579,0.27,0.043,0
187,Allegiant Air,2017-08-01,0.112,0.545,0.29,0.05,0
188,Allegiant Air,2017-09-01,0.143,0.58,0.23,0.041,0.003
189,Allegiant Air,2017-10-01,0.151,0.55,0.259,0.036,0.002
190,Allegiant Air,2017-11-01,0.099,0.552,0.297,0.046,0.005
191,Allegiant Air,2017-12-01,0.105,0.515,0.327,0.053,0
192,Allegiant Air,2018-01-01,0.085,0.528,0.331,0.052,0.004
193,Allegiant Air,2018-02-01,0.075,0.529,0.342,0.054,0
194,Allegiant Air,2018-03-01,0.081,0.508,0.351,0.054,0.005
195,Allegiant Air,2018-04-01,0.086,0.523,0.34,0.05,0.001
196,Allegiant Air,2018-05-01,0.1,0.522,0.324,0.05,0.003
197,Allegiant Air,2018-06-01,0.156,0.491,0.303,0.048,0.002
198,Allegiant Air,2018-07-01,0.103,0.567,0.292,0.039,0
199,Allegiant Air,2018-08-01,0.136,0.532,0.283,0.043,0.006
200,Allegiant Air,2018-09-01,0.144,0.52,0.287,0.047,0.002
201,Allegiant Air,2018-10-01,0.136,0.538,0.28,0.042,0.002
202,Allegiant Air,2018-11-01,0.105,0.534,0.313,0.044,0.003
203,Allegiant Air,2018-12-01,0.074,0.527,0.344,0.055,0.001
204,Allegiant Air,2019-01-01,0.07,0.515,0.361,0.051,0.002
205,Allegiant Air,2019-02-01,0.068,0.534,0.349,0.048,0.001
206,Allegiant Air,2019-03-01,0.087,0.522,0.345,0.046,0
207,Allegiant Air,2019-04-01,0.08,0.531,0.344,0.042,0.003
208,Allegiant Air,2019-05-01,0.095,0.56,0.303,0.038,0.004
209,Allegiant Air,2019-06-01,0.108,0.552,0.288,0.049,0.002
210,Allegiant Air,2019-07-01,0.109,0.557,0.283,0.043,0.007
211,Allegiant Air,2019-08-01,0.111,0.554,0.276,0.051,0.008
212,Allegiant Air,2019-09-01,0.146,0.538,0.251,0.052,0.01
213,Allegiant Air,2019-10-01,0.113,0.571,0.273,0.037,0.006
214,Allegiant Air,2019-11-01,0.101,0.553,0.302,0.044,0
215,Allegiant Air,2019-12-01,0.074,0.537,0.333,0.054,0
216,American Airlines Inc.,2014-01-01,0.199,0.266,0.293,0.105,0.084
217,American Airlines Inc.,2014-02-01,0.206,0.274,0.292,0.098,0.085
218,American Airlines Inc.,2014-03-01,0.207,0.287,0.283,0.099,0.076
219,American Airlines Inc.,2014-04-01,0.224,0.268,0.294,0.095,0.075
220,American Airlines Inc.,2014-05-01,0.23,0.27,0.275,0.116,0.063
221,American Airlines Inc.,2014-06-01,0.248,0.261,0.284,0.104,0.06
222,American Airlines Inc.,2014-07-01,0.253,0.27,0.279,0.084,0.072
223,American Airlines Inc.,2014-08-01,0.25,0.277,0.282,0.084,0.066
224,American Airlines Inc.,2014-09-01,0.25,0.258,0.282,0.094,0.076
225,American Airlines Inc.,2014-10-01,0.221,0.284,0.299,0.091,0.068
226,American Airlines Inc.,2014-11-01,0.212,0.289,0.288,0.095,0.08
227,American Airlines Inc.,2014-12-01,0.21,0.287,0.299,0.098,0.07
228,American Airlines Inc.,2015-01-01,0.185,0.279,0.309,0.104,0.087
229,American Airlines Inc.,2015-02-01,0.187,0.288,0.308,0.106,0.076
230,American Airlines Inc.,2015-03-01,0.197,0.27,0.307,0.106,0.082
231,American Airlines Inc.,2015-04-01,0.214,0.31,0.306,0.085,0.059
232,American Airlines Inc.,2015-05-01,0.244,0.282,0.296,0.088,0.058
233,American Airlines Inc.,2015-06-01,0.241,0.278,0.297,0.097,0.056
234,American Airlines Inc.,2015-07-01,0.247,0.316,0.225,0.099,0.086
235,American Airlines Inc.,2015-08-01,0.249,0.313,0.224,0.11,0.079
236,American Airlines Inc.,2015-09-01,0.238,0.336,0.22,0.103,0.074
237,American Airlines Inc.,2015-10-01,0.252,0.342,0.218,0.089,0.071
238,American Airlines Inc.,2015-11-01,0.236,0.334,0.232,0.106,0.068
239,American Airlines Inc.,2015-12-01,0.236,0.348,0.221,0.106,0.069
240,American Airlines Inc.,2016-01-01,0.223,0.336,0.232,0.104,0.081
241,American Airlines Inc.,2016-02-01,0.227,0.343,0.225,0.107,0.075
242,American Airlines Inc.,2016-03-01,0.23,0.331,0.236,0.108,0.073
243,American Airlines Inc.,2016-04-01,0.24,0.341,0.221,0.103,0.072
244,American Airlines Inc.,2016-05-01,0.258,0.335,0.227,0.091,0.067
245,American Airlines Inc.,2016-06-01,0.247,0.325,0.234,0.102,0.068
246,American Airlines Inc.,2016-07-01,0.26,0.311,0.222,0.108,0.072
247,American Airlines Inc.,2016-08-01,0.256,0.311,0.232,0.102,0.074
248,American Airlines Inc.,2016-09-01,0.253,0.343,0.211,0.093,0.074
249,American Airlines Inc.,2016-10-01,0.23,0.351,0.225,0.097,0.07
250,American Airlines Inc.,2016-11-01,0.231,0.338,0.224,0.105,0.079
251,American Airlines Inc.,2016-12-01,0.223,0.346,0.231,0.106,0.068
252,American Airlines Inc.,2017-01-01,0.232,0.341,0.222,0.108,0.071
253,American Airlines Inc.,2017-02-01,0.217,0.345,0.223,0.107,0.075
254,American Airlines Inc.,2017-03-01,0.227,0.355,0.221,0.106,0.064
255,American Airlines Inc.,2017-04-01,0.249,0.358,0.213,0.094,0.059
256,American Airlines Inc.,2017-05-01,0.276,0.341,0.212,0.085,0.063
257,American Airlines Inc.,2017-06-01,0.245,0.345,0.218,0.102,0.063
258,American Airlines Inc.,2017-07-01,0.255,0.342,0.202,0.105,0.066
259,American Airlines Inc.,2017-08-01,0.253,0.342,0.208,0.094,0.072
260,American Airlines Inc.,2017-09-01,0.239,0.357,0.214,0.092,0.071
261,American Airlines Inc.,2017-10-01,0.253,0.356,0.222,0.08,0.06
262,American Airlines Inc.,2017-11-01,0.234,0.358,0.209,0.097,0.071
263,American Airlines Inc.,2017-12-01,0.225,0.356,0.219,0.097,0.069
264,American Airlines Inc.,2018-01-01,0.238,0.356,0.208,0.1,0.063
265,American Airlines Inc.,2018-02-01,0.239,0.369,0.211,0.096,0.055
266,American Airlines Inc.,2018-03-01,0.247,0.359,0.214,0.091,0.06
267,American Airlines Inc.,2018-04-01,0.25,0.347,0.227,0.086,0.06
268,American Airlines Inc.,2018-05-01,0.271,0.335,0.216,0.088,0.064
269,American Airlines Inc.,2018-06-01,0.27,0.338,0.218,0.086,0.058
270,American Airlines Inc.,2018-07-01,0.27,0.334,0.216,0.087,0.06
271,American Airlines Inc.,2018-08-01,0.272,0.337,0.219,0.087,0.057
272,American Airlines Inc.,2018-09-01,0.252,0.352,0.227,0.087,0.054
273,American Airlines Inc.,2018-10-01,0.276,0.348,0.213,0.077,0.056
274,American Airlines Inc.,2018-11-01,0.254,0.342,0.23,0.089,0.061
275,American Airlines Inc.,2018-12-01,0.254,0.337,0.234,0.095,0.055
276,American Airlines Inc.,2019-01-01,0.245,0.35,0.229,0.092,0.055
277,American Airlines Inc.,2019-02-01,0.255,0.34,0.23,0.093,0.056
278,American Airlines Inc.,2019-03-01,0.235,0.344,0.246,0.089,0.056
279,American Airlines Inc.,2019-04-01,0.265,0.344,0.226,0.093,0.046
280,American Airlines Inc.,2019-05-01,0.262,0.336,0.219,0.1,0.062
281,American Airlines Inc.,2019-06-01,0.278,0.323,0.219,0.095,0.06
282,American Airlines Inc.,2019-07-01,0.282,0.323,0.204,0.103,0.061
283,American Airlines Inc.,2019-08-01,0.271,0.338,0.204,0.096,0.062
284,American Airlines Inc.,2019-09-01,0.264,0.35,0.203,0.1,0.063
285,American Airlines Inc.,2019-10-01,0.26,0.354,0.208,0.095,0.058
286,American Airlines Inc.,2019-11-01,0.241,0.344,0.213,0.105,0.068
287,American Airlines Inc.,2019-12-01,0.235,0.338,0.216,0.113,0.066
288,Delta Air Lines Inc.,2014-01-01,0.299,0.352,0.161,0.128,0.052
289,Delta Air Lines Inc.,2014-02-01,0.287,0.357,0.167,0.129,0.049
290,Delta Air Lines Inc.,2014-03-01,0.299,0.358,0.157,0.12,0.055
291,Delta Air Lines Inc.,2014-04-01,0.328,0.364,0.145,0.098,0.052
292,Delta Air Lines Inc.,2014-05-01,0.32,0.349,0.157,0.108,0.054
293,Delta Air Lines Inc.,2014-06-01,0.325,0.345,0.152,0.113,0.05
294,Delta Air Lines Inc.,2014-07-01,0.323,0.346,0.142,0.119,0.056
295,Delta Air Lines Inc.,2014-08-01,0.333,0.357,0.132,0.117,0.048
296,Delta Air Lines Inc.,2014-09-01,0.327,0.376,0.134,0.106,0.046
297,Delta Air Lines Inc.,2014-10-01,0.345,0.383,0.125,0.091,0.044
298,Delta Air Lines Inc.,2014-11-01,0.323,0.363,0.141,0.111,0.046
299,Delta Air Lines Inc.,2014-12-01,0.301,0.351,0.167,0.118,0.05
300,Delta Air Lines Inc.,2015-01-01,0.293,0.349,0.17,0.119,0.052
301,Delta Air Lines Inc.,2015-02-01,0.303,0.357,0.171,0.108,0.048
302,Delta Air Lines Inc.,2015-03-01,0.331,0.344,0.16,0.106,0.046
303,Delta Air Lines Inc.,2015-04-01,0.338,0.352,0.161,0.096,0.041
304,Delta Air Lines Inc.,2015-05-01,0.335,0.37,0.142,0.096,0.043
305,Delta Air Lines Inc.,2015-06-01,0.344,0.355,0.14,0.102,0.048
306,Delta Air Lines Inc.,2015-07-01,0.343,0.354,0.131,0.105,0.049
307,Delta Air Lines Inc.,2015-08-01,0.34,0.366,0.133,0.1,0.049
308,Delta Air Lines Inc.,2015-09-01,0.33,0.382,0.12,0.109,0.045
309,Delta Air Lines Inc.,2015-10-01,0.349,0.38,0.125,0.096,0.038
310,Delta Air Lines Inc.,2015-11-01,0.327,0.374,0.136,0.105,0.043
311,Delta Air Lines Inc.,2015-12-01,0.322,0.354,0.165,0.101,0.044
312,Delta Air Lines Inc.,2016-01-01,0.294,0.361,0.165,0.115,0.047
313,Delta Air Lines Inc.,2016-02-01,0.32,0.36,0.152,0.102,0.048
314,Delta Air Lines Inc.,2016-03-01,0.329,0.343,0.164,0.098,0.046
315,Delta Air Lines Inc.,2016-04-01,0.325,0.358,0.161,0.099,0.043
316,Delta Air Lines Inc.,2016-05-01,0.335,0.374,0.141,0.089,0.046
317,Delta Air Lines Inc.,2016-06-01,0.327,0.351,0.15,0.105,0.05
318,Delta Air Lines Inc.,2016-07-01,0.344,0.354,0.129,0.111,0.049
319,Delta Air Lines Inc.,2016-08-01,0.325,0.355,0.143,0.112,0.049
320,Delta Air Lines Inc.,2016-09-01,0.344,0.368,0.134,0.099,0.042
321,Delta Air Lines Inc.,2016-10-01,0.367,0.373,0.119,0.089,0.038
322,Delta Air Lines Inc.,2016-11-01,0.346,0.367,0.142,0.09,0.04
323,Delta Air Lines Inc.,2016-12-01,0.318,0.354,0.155,0.113,0.042
324,Delta Air Lines Inc.,2017-01-01,0.318,0.353,0.157,0.103,0.052
325,Delta Air Lines Inc.,2017-02-01,0.309,0.361,0.169,0.103,0.043
326,Delta Air Lines Inc.,2017-03-01,0.311,0.362,0.171,0.1,0.042
327,Delta Air Lines Inc.,2017-04-01,0.315,0.377,0.157,0.094,0.043
328,Delta Air Lines Inc.,2017-05-01,0.332,0.361,0.141,0.099,0.05
329,Delta Air Lines Inc.,2017-06-01,0.331,0.349,0.148,0.105,0.048
330,Delta Air Lines Inc.,2017-07-01,0.316,0.353,0.157,0.103,0.053
331,Delta Air Lines Inc.,2017-08-01,0.309,0.367,0.153,0.103,0.048
332,Delta Air Lines Inc.,2017-09-01,0.33,0.373,0.132,0.103,0.043
333,Delta Air Lines Inc.,2017-10-01,0.341,0.367,0.137,0.093,0.041
334,Delta Air Lines Inc.,2017-11-01,0.313,0.366,0.154,0.104,0.044
335,Delta Air Lines Inc.,2017-12-01,0.305,0.363,0.161,0.106,0.044
336,Delta Air Lines Inc.,2018-01-01,0.277,0.344,0.187,0.117,0.049
337,Delta Air Lines Inc.,2018-02-01,0.295,0.353,0.173,0.112,0.042
338,Delta Air Lines Inc.,2018-03-01,0.289,0.348,0.187,0.114,0.039
339,Delta Air Lines Inc.,2018-04-01,0.297,0.354,0.179,0.106,0.042
340,Delta Air Lines Inc.,2018-05-01,0.319,0.357,0.138,0.114,0.051
341,Delta Air Lines Inc.,2018-06-01,0.308,0.348,0.149,0.116,0.055
342,Delta Air Lines Inc.,2018-07-01,0.315,0.346,0.155,0.113,0.051
343,Delta Air Lines Inc.,2018-08-01,0.3,0.346,0.166,0.114,0.052
344,Delta Air Lines Inc.,2018-09-01,0.315,0.368,0.142,0.107,0.046
345,Delta Air Lines Inc.,2018-10-01,0.328,0.35,0.132,0.112,0.052
346,Delta Air Lines Inc.,2018-11-01,0.318,0.359,0.151,0.108,0.045
347,Delta Air Lines Inc.,2018-12-01,0.289,0.36,0.165,0.113,0.049
348,Delta Air Lines Inc.,2019-01-01,0.272,0.359,0.173,0.117,0.052
349,Delta Air Lines Inc.,2019-02-01,0.29,0.365,0.155,0.12,0.048
350,Delta Air Lines Inc.,2019-03-01,0.291,0.354,0.168,0.118,0.046
351,Delta Air Lines Inc.,2019-04-01,0.316,0.349,0.162,0.103,0.048
352,Delta Air Lines Inc.,2019-05-01,0.315,0.351,0.154,0.11,0.047
353,Delta Air Lines Inc.,2019-06-01,0.329,0.345,0.149,0.111,0.046
354,Delta Air Lines Inc.,2019-07-01,0.311,0.352,0.153,0.112,0.051
355,Delta Air Lines Inc.,2019-08-01,0.308,0.352,0.156,0.109,0.051
356,Delta Air Lines Inc.,2019-09-01,0.324,0.355,0.136,0.111,0.049
357,Delta Air Lines Inc.,2019-10-01,0.324,0.372,0.148,0.094,0.044
358,Delta Air Lines Inc.,2019-11-01,0.312,0.366,0.152,0.105,0.044
359,Delta Air Lines Inc.,2019-12-01,0.295,0.364,0.169,0.11,0.043
360,Endeavor Air Inc.,2014-01-01,0.581,0.362,0.055,0.002,0
361,Endeavor Air Inc.,2014-02-01,0.561,0.379,0.058,0.002,0
362,Endeavor Air Inc.,2014-03-01,0.557,0.369,0.072,0.002,0
363,Endeavor Air Inc.,2014-04-01,0.547,0.38,0.074,0,0
364,Endeavor Air Inc.,2014-05-01,0.54,0.383,0.077,0,0
365,Endeavor Air Inc.,2014-06-01,0.561,0.366,0.073,0,0
366,Endeavor Air Inc.,2014-07-01,0.551,0.374,0.075,0,0
367,Endeavor Air Inc.,2014-08-01,0.572,0.358,0.07,0,0
368,Endeavor Air Inc.,2014-09-01,0.58,0.335,0.085,0,0
369,Endeavor Air Inc.,2014-10-01,0.568,0.334,0.098,0,0
370,Endeavor Air Inc.,2014-11-01,0.569,0.345,0.086,0,0
371,Endeavor Air Inc.,2014-12-01,0.534,0.37,0.093,0.003,0
372,Endeavor Air Inc.,2015-01-01,0.517,0.372,0.109,0.003,0
373,Endeavor Air Inc.,2015-02-01,0.536,0.361,0.1,0.003,0
374,Endeavor Air Inc.,2015-03-01,0.563,0.347,0.087,0.003,0
375,Endeavor Air Inc.,2015-04-01,0.539,0.366,0.092,0.003,0
376,Endeavor Air Inc.,2015-05-01,0.59,0.322,0.084,0.003,0
377,Endeavor Air Inc.,2015-06-01,0.564,0.35,0.082,0.003,0
378,Endeavor Air Inc.,2015-07-01,0.537,0.378,0.081,0.003,0
379,Endeavor Air Inc.,2015-08-01,0.532,0.369,0.096,0.003,0
380,Endeavor Air Inc.,2015-09-01,0.59,0.33,0.081,0,0
381,Endeavor Air Inc.,2015-10-01,0.562,0.359,0.077,0.002,0
382,Endeavor Air Inc.,2015-11-01,0.557,0.353,0.09,0,0
383,Endeavor Air Inc.,2015-12-01,0.541,0.364,0.092,0.003,0
384,Endeavor Air Inc.,2016-01-01,0.526,0.365,0.106,0.003,0
385,Endeavor Air Inc.,2016-02-01,0.544,0.354,0.101,0,0
386,Endeavor Air Inc.,2016-03-01,0.519,0.376,0.104,0,0
387,Endeavor Air Inc.,2016-04-01,0.564,0.328,0.108,0,0
388,Endeavor Air Inc.,2016-05-01,0.593,0.319,0.088,0,0
389,Endeavor Air Inc.,2016-06-01,0.565,0.359,0.076,0,0
390,Endeavor Air Inc.,2016-07-01,0.578,0.332,0.089,0.002,0
391,Endeavor Air Inc.,2016-08-01,0.558,0.358,0.083,0,0
392,Endeavor Air Inc.,2016-09-01,0.581,0.34,0.08,0,0
393,Endeavor Air Inc.,2016-10-01,0.577,0.35,0.073,0,0
394,Endeavor Air Inc.,2016-11-01,0.585,0.344,0.071,0,0
395,Endeavor Air Inc.,2016-12-01,0.549,0.37,0.078,0.003,0
396,Endeavor Air Inc.,2017-01-01,0.587,0.345,0.065,0.003,0
397,Endeavor Air Inc.,2017-02-01,0.569,0.344,0.088,0,0
398,Endeavor Air Inc.,2017-03-01,0.588,0.323,0.089,0,0
399,Endeavor Air Inc.,2017-04-01,0.602,0.321,0.076,0,0
400,Endeavor Air Inc.,2017-05-01,0.603,0.306,0.091,0,0
401,Endeavor Air Inc.,2017-06-01,0.585,0.34,0.075,0,0
402,Endeavor Air Inc.,2017-07-01,0.602,0.327,0.071,0,0
403,Endeavor Air Inc.,2017-08-01,0.599,0.333,0.069,0,0
404,Endeavor Air Inc.,2017-09-01,0.595,0.335,0.07,0,0
405,Endeavor Air Inc.,2017-10-01,0.624,0.315,0.061,0,0
406,Endeavor Air Inc.,2017-11-01,0.597,0.342,0.061,0,0
407,Endeavor Air Inc.,2017-12-01,0.592,0.334,0.074,0,0
408,Endeavor Air Inc.,2018-01-01,0.596,0.332,0.072,0,0
409,Endeavor Air Inc.,2018-02-01,0.569,0.344,0.087,0,0
410,Endeavor Air Inc.,2018-03-01,0.536,0.356,0.107,0,0
411,Endeavor Air Inc.,2018-04-01,0.597,0.327,0.074,0.002,0
412,Endeavor Air Inc.,2018-05-01,0.59,0.329,0.082,0,0
413,Endeavor Air Inc.,2018-06-01,0.58,0.345,0.076,0,0
414,Endeavor Air Inc.,2018-07-01,0.561,0.361,0.079,0,0
415,Endeavor Air Inc.,2018-08-01,0.558,0.362,0.08,0,0
416,Endeavor Air Inc.,2018-09-01,0.579,0.349,0.072,0,0
417,Endeavor Air Inc.,2018-10-01,0.515,0.401,0.084,0,0
418,Endeavor Air Inc.,2018-11-01,0.526,0.396,0.078,0,0
419,Endeavor Air Inc.,2018-12-01,0.569,0.358,0.073,0,0
420,Endeavor Air Inc.,2019-01-01,0.568,0.369,0.063,0,0
421,Endeavor Air Inc.,2019-02-01,0.562,0.36,0.079,0,0
422,Endeavor Air Inc.,2019-03-01,0.568,0.357,0.075,0,0
423,Endeavor Air Inc.,2019-04-01,0.581,0.355,0.064,0,0
424,Endeavor Air Inc.,2019-05-01,0.547,0.385,0.068,0,0
425,Endeavor Air Inc.,2019-06-01,0.584,0.351,0.065,0,0
426,Endeavor Air Inc.,2019-07-01,0.561,0.382,0.057,0,0
427,Endeavor Air Inc.,2019-08-01,0.578,0.359,0.062,0,0
428,Endeavor Air Inc.,2019-09-01,0.571,0.378,0.051,0,0
429,Endeavor Air Inc.,2019-10-01,0.572,0.371,0.057,0,0
430,Endeavor Air Inc.,2019-11-01,0.567,0.377,0.056,0,0
431,Endeavor Air Inc.,2019-12-01,0.563,0.385,0.052,0,0
432,Envoy Air,2014-01-01,0.529,0.43,0.041,0,0
433,Envoy Air,2014-02-01,0.533,0.433,0.034,0,0
434,Envoy Air,2014-03-01,0.534,0.43,0.036,0,0
435,Envoy Air,2014-04-01,0.537,0.43,0.034,0,0
436,Envoy Air,2014-05-01,0.567,0.401,0.032,0,0
437,Envoy Air,2014-06-01,0.568,0.392,0.039,0.001,0
438,Envoy Air,2014-07-01,0.566,0.398,0.036,0,0
439,Envoy Air,2014-08-01,0.557,0.41,0.033,0,0
440,Envoy Air,2014-09-01,0.577,0.391,0.032,0,0
441,Envoy Air,2014-10-01,0.561,0.401,0.038,0,0
442,Envoy Air,2014-11-01,0.575,0.402,0.023,0,0
443,Envoy Air,2014-12-01,0.581,0.399,0.02,0,0
444,Envoy Air,2015-01-01,0.591,0.394,0.015,0,0
445,Envoy Air,2015-02-01,0.599,0.385,0.016,0,0
446,Envoy Air,2015-03-01,0.613,0.369,0.018,0,0
447,Envoy Air,2015-04-01,0.583,0.396,0.021,0,0
448,Envoy Air,2015-05-01,0.604,0.374,0.022,0,0
449,Envoy Air,2015-06-01,0.607,0.376,0.014,0.003,0
450,Envoy Air,2015-07-01,0.64,0.339,0.021,0,0
451,Envoy Air,2015-08-01,0.63,0.356,0.014,0,0
452,Envoy Air,2015-09-01,0.62,0.365,0.015,0,0
453,Envoy Air,2015-10-01,0.62,0.358,0.022,0,0
454,Envoy Air,2015-11-01,0.618,0.359,0.023,0,0
455,Envoy Air,2015-12-01,0.612,0.359,0.029,0,0
456,Envoy Air,2016-01-01,0.636,0.335,0.03,0,0
457,Envoy Air,2016-02-01,0.643,0.327,0.03,0,0
458,Envoy Air,2016-03-01,0.632,0.34,0.028,0,0
459,Envoy Air,2016-04-01,0.595,0.378,0.027,0,0
460,Envoy Air,2016-05-01,0.622,0.352,0.026,0,0
461,Envoy Air,2016-06-01,0.603,0.362,0.029,0.004,0.001
462,Envoy Air,2016-07-01,0.578,0.395,0.027,0,0
463,Envoy Air,2016-08-01,0.604,0.371,0.025,0,0
464,Envoy Air,2016-09-01,0.617,0.363,0.021,0,0
465,Envoy Air,2016-10-01,0.647,0.325,0.028,0,0
466,Envoy Air,2016-11-01,0.621,0.349,0.03,0,0
467,Envoy Air,2016-12-01,0.617,0.344,0.039,0,0
468,Envoy Air,2017-01-01,0.603,0.362,0.034,0,0
469,Envoy Air,2017-02-01,0.617,0.345,0.036,0.002,0
470,Envoy Air,2017-03-01,0.584,0.375,0.041,0,0
471,Envoy Air,2017-04-01,0.625,0.331,0.043,0,0
472,Envoy Air,2017-05-01,0.609,0.351,0.038,0.002,0
473,Envoy Air,2017-06-01,0.559,0.387,0.052,0.002,0
474,Envoy Air,2017-07-01,0.557,0.364,0.073,0.006,0
475,Envoy Air,2017-08-01,0.586,0.366,0.048,0,0
476,Envoy Air,2017-09-01,0.602,0.356,0.042,0,0
477,Envoy Air,2017-10-01,0.622,0.335,0.039,0.004,0
478,Envoy Air,2017-11-01,0.574,0.374,0.052,0,0
479,Envoy Air,2017-12-01,0.587,0.361,0.05,0.002,0
480,Envoy Air,2018-01-01,0.584,0.371,0.045,0,0
481,Envoy Air,2018-02-01,0.638,0.324,0.034,0.003,0
482,Envoy Air,2018-03-01,0.621,0.346,0.034,0,0
483,Envoy Air,2018-04-01,0.62,0.335,0.044,0.001,0
484,Envoy Air,2018-05-01,0.626,0.329,0.042,0.003,0
485,Envoy Air,2018-06-01,0.613,0.355,0.033,0,0
486,Envoy Air,2018-07-01,0.602,0.351,0.047,0,0
487,Envoy Air,2018-08-01,0.601,0.359,0.04,0,0
488,Envoy Air,2018-09-01,0.634,0.329,0.037,0,0
489,Envoy Air,2018-10-01,0.642,0.324,0.034,0,0
490,Envoy Air,2018-11-01,0.645,0.321,0.034,0,0
491,Envoy Air,2018-12-01,0.657,0.295,0.048,0,0
492,Envoy Air,2019-01-01,0.608,0.332,0.06,0,0
493,Envoy Air,2019-02-01,0.636,0.3,0.064,0,0
494,Envoy Air,2019-03-01,0.638,0.31,0.052,0,0
495,Envoy Air,2019-04-01,0.628,0.321,0.051,0,0
496,Envoy Air,2019-05-01,0.601,0.347,0.052,0,0
497,Envoy Air,2019-06-01,0.594,0.345,0.06,0.001,0
498,Envoy Air,2019-07-01,0.582,0.364,0.054,0,0
499,Envoy Air,2019-08-01,0.6,0.343,0.057,0,0
500,Envoy Air,2019-09-01,0.608,0.336,0.056,0,0
501,Envoy Air,2019-10-01,0.6,0.34,0.06,0,0
502,Envoy Air,2019-11-01,0.603,0.343,0.053,0,0
503,Envoy Air,2019-12-01,0.581,0.345,0.073,0,0
504,ExpressJet Airlines LLC,2014-01-01,0.499,0.426,0.074,0.001,0
505,ExpressJet Airlines LLC,2014-02-01,0.513,0.413,0.072,0.002,0
506,ExpressJet Airlines LLC,2014-03-01,0.514,0.417,0.068,0.001,0
507,ExpressJet Airlines LLC,2014-04-01,0.511,0.419,0.069,0.001,0
508,ExpressJet Airlines LLC,2014-05-01,0.52,0.406,0.073,0.001,0
509,ExpressJet Airlines LLC,2014-06-01,0.533,0.406,0.06,0.0,0
510,ExpressJet Airlines LLC,2014-07-01,0.525,0.407,0.068,0,0
511,ExpressJet Airlines LLC,2014-08-01,0.531,0.404,0.065,0,0
512,ExpressJet Airlines LLC,2014-09-01,0.535,0.399,0.066,0,0
513,ExpressJet Airlines LLC,2014-10-01,0.539,0.391,0.069,0.001,0
514,ExpressJet Airlines LLC,2014-11-01,0.549,0.386,0.065,0,0
515,ExpressJet Airlines LLC,2014-12-01,0.535,0.405,0.06,0.001,0
516,ExpressJet Airlines LLC,2015-01-01,0.543,0.389,0.068,0,0
517,ExpressJet Airlines LLC,2015-02-01,0.548,0.39,0.063,0,0
518,ExpressJet Airlines LLC,2015-03-01,0.552,0.391,0.057,0.001,0
519,ExpressJet Airlines LLC,2015-04-01,0.542,0.397,0.061,0,0
520,ExpressJet Airlines LLC,2015-05-01,0.547,0.39,0.062,0.001,0
521,ExpressJet Airlines LLC,2015-06-01,0.545,0.397,0.058,0,0
522,ExpressJet Airlines LLC,2015-07-01,0.526,0.413,0.06,0.001,0
523,ExpressJet Airlines LLC,2015-08-01,0.53,0.413,0.056,0.001,0
524,ExpressJet Airlines LLC,2015-09-01,0.548,0.403,0.047,0.002,0
525,ExpressJet Airlines LLC,2015-10-01,0.565,0.383,0.05,0.001,0
526,ExpressJet Airlines LLC,2015-11-01,0.553,0.408,0.037,0.003,0
527,ExpressJet Airlines LLC,2015-12-01,0.538,0.41,0.051,0.002,0
528,ExpressJet Airlines LLC,2016-01-01,0.539,0.414,0.044,0.003,0
529,ExpressJet Airlines LLC,2016-02-01,0.56,0.395,0.044,0.001,0.001
530,ExpressJet Airlines LLC,2016-03-01,0.573,0.39,0.036,0.001,0
531,ExpressJet Airlines LLC,2016-04-01,0.573,0.389,0.037,0.001,0
532,ExpressJet Airlines LLC,2016-05-01,0.579,0.386,0.034,0.001,0
533,ExpressJet Airlines LLC,2016-06-01,0.57,0.388,0.04,0.001,0
534,ExpressJet Airlines LLC,2016-07-01,0.571,0.385,0.043,0.001,0
535,ExpressJet Airlines LLC,2016-08-01,0.571,0.383,0.045,0.001,0
536,ExpressJet Airlines LLC,2016-09-01,0.559,0.389,0.051,0.001,0
537,ExpressJet Airlines LLC,2016-10-01,0.572,0.388,0.037,0.002,0
538,ExpressJet Airlines LLC,2016-11-01,0.562,0.39,0.046,0.002,0
539,ExpressJet Airlines LLC,2016-12-01,0.554,0.391,0.053,0.002,0
540,ExpressJet Airlines LLC,2017-01-01,0.575,0.379,0.044,0.002,0
541,ExpressJet Airlines LLC,2017-02-01,0.548,0.405,0.045,0.003,0
542,ExpressJet Airlines LLC,2017-03-01,0.564,0.387,0.048,0.001,0
543,ExpressJet Airlines LLC,2017-04-01,0.558,0.4,0.04,0.002,0
544,ExpressJet Airlines LLC,2017-05-01,0.576,0.391,0.034,0,0
545,ExpressJet Airlines LLC,2017-06-01,0.558,0.409,0.032,0.001,0
546,ExpressJet Airlines LLC,2017-07-01,0.537,0.429,0.033,0.001,0
547,ExpressJet Airlines LLC,2017-08-01,0.523,0.441,0.036,0,0
548,ExpressJet Airlines LLC,2017-09-01,0.518,0.448,0.032,0.001,0
549,ExpressJet Airlines LLC,2017-10-01,0.539,0.423,0.037,0.001,0
550,ExpressJet Airlines LLC,2017-11-01,0.522,0.431,0.045,0.003,0
551,ExpressJet Airlines LLC,2017-12-01,0.562,0.398,0.039,0.001,0
552,ExpressJet Airlines LLC,2018-01-01,0.54,0.423,0.037,0,0
553,ExpressJet Airlines LLC,2018-02-01,0.524,0.431,0.044,0.001,0
554,ExpressJet Airlines LLC,2018-03-01,0.515,0.447,0.037,0.001,0
555,ExpressJet Airlines LLC,2018-04-01,0.522,0.429,0.049,0,0
556,ExpressJet Airlines LLC,2018-05-01,0.536,0.423,0.036,0.004,0
557,ExpressJet Airlines LLC,2018-06-01,0.553,0.402,0.043,0.002,0
558,ExpressJet Airlines LLC,2018-07-01,0.521,0.442,0.038,0,0
559,ExpressJet Airlines LLC,2018-08-01,0.526,0.434,0.038,0.002,0
560,ExpressJet Airlines LLC,2018-09-01,0.559,0.405,0.034,0.002,0
561,ExpressJet Airlines LLC,2018-10-01,0.519,0.444,0.032,0.004,0
562,ExpressJet Airlines LLC,2018-11-01,0.533,0.419,0.044,0.004,0
563,ExpressJet Airlines LLC,2018-12-01,0.54,0.433,0.026,0,0
564,ExpressJet Airlines LLC,2019-01-01,0.539,0.418,0.041,0.002,0
565,ExpressJet Airlines LLC,2019-02-01,0.53,0.437,0.033,0,0
566,ExpressJet Airlines LLC,2019-03-01,0.554,0.411,0.034,0,0
567,ExpressJet Airlines LLC,2019-04-01,0.552,0.403,0.045,0,0
568,ExpressJet Airlines LLC,2019-05-01,0.581,0.41,0.008,0,0
569,ExpressJet Airlines LLC,2019-06-01,0.571,0.382,0.044,0.002,0
570,ExpressJet Airlines LLC,2019-07-01,0.543,0.413,0.042,0.003,0
571,ExpressJet Airlines LLC,2019-08-01,0.576,0.374,0.048,0.002,0
572,ExpressJet Airlines LLC,2019-09-01,0.532,0.412,0.053,0.003,0
573,ExpressJet Airlines LLC,2019-10-01,0.484,0.456,0.058,0.002,0
574,ExpressJet Airlines LLC,2019-11-01,0.494,0.446,0.055,0.005,0
575,ExpressJet Airlines LLC,2019-12-01,0.499,0.411,0.083,0.007,0
576,Frontier Airlines Inc.,2014-01-01,0.102,0.574,0.203,0.122,0
577,Frontier Airlines Inc.,2014-02-01,0.109,0.607,0.186,0.098,0
578,Frontier Airlines Inc.,2014-03-01,0.123,0.564,0.195,0.118,0
579,Frontier Airlines Inc.,2014-04-01,0.112,0.585,0.195,0.107,0
580,Frontier Airlines Inc.,2014-05-01,0.119,0.562,0.195,0.097,0.027
581,Frontier Airlines Inc.,2014-06-01,0.127,0.549,0.194,0.108,0.022
582,Frontier Airlines Inc.,2014-07-01,0.131,0.562,0.175,0.108,0.024
583,Frontier Airlines Inc.,2014-08-01,0.146,0.544,0.178,0.111,0.021
584,Frontier Airlines Inc.,2014-09-01,0.229,0.517,0.152,0.072,0.03
585,Frontier Airlines Inc.,2014-10-01,0.171,0.572,0.15,0.092,0.014
586,Frontier Airlines Inc.,2014-11-01,0.168,0.584,0.147,0.094,0.006
587,Frontier Airlines Inc.,2014-12-01,0.133,0.545,0.21,0.101,0.011
588,Frontier Airlines Inc.,2015-01-01,0.113,0.55,0.232,0.099,0.006
589,Frontier Airlines Inc.,2015-02-01,0.069,0.547,0.268,0.109,0.007
590,Frontier Airlines Inc.,2015-03-01,0.077,0.514,0.28,0.122,0.006
591,Frontier Airlines Inc.,2015-04-01,0.101,0.5,0.253,0.129,0.017
592,Frontier Airlines Inc.,2015-05-01,0.115,0.525,0.199,0.13,0.031
593,Frontier Airlines Inc.,2015-06-01,0.122,0.547,0.201,0.108,0.022
594,Frontier Airlines Inc.,2015-07-01,0.114,0.544,0.214,0.107,0.021
595,Frontier Airlines Inc.,2015-08-01,0.118,0.534,0.213,0.108,0.027
596,Frontier Airlines Inc.,2015-09-01,0.121,0.539,0.207,0.109,0.023
597,Frontier Airlines Inc.,2015-10-01,0.101,0.506,0.238,0.125,0.03
598,Frontier Airlines Inc.,2015-11-01,0.1,0.511,0.239,0.114,0.036
599,Frontier Airlines Inc.,2015-12-01,0.101,0.513,0.232,0.121,0.033
600,Frontier Airlines Inc.,2016-01-01,0.077,0.484,0.284,0.119,0.035
601,Frontier Airlines Inc.,2016-02-01,0.033,0.512,0.279,0.14,0.037
602,Frontier Airlines Inc.,2016-03-01,0.046,0.481,0.274,0.158,0.041
603,Frontier Airlines Inc.,2016-04-01,0.113,0.445,0.233,0.155,0.054
604,Frontier Airlines Inc.,2016-05-01,0.121,0.455,0.233,0.139,0.052
605,Frontier Airlines Inc.,2016-06-01,0.129,0.451,0.237,0.136,0.047
606,Frontier Airlines Inc.,2016-07-01,0.116,0.492,0.218,0.125,0.048
607,Frontier Airlines Inc.,2016-08-01,0.124,0.462,0.244,0.128,0.043
608,Frontier Airlines Inc.,2016-09-01,0.108,0.476,0.227,0.142,0.047
609,Frontier Airlines Inc.,2016-10-01,0.1,0.455,0.241,0.156,0.048
610,Frontier Airlines Inc.,2016-11-01,0.09,0.409,0.292,0.166,0.044
611,Frontier Airlines Inc.,2016-12-01,0.076,0.424,0.285,0.168,0.047
612,Frontier Airlines Inc.,2017-01-01,0.082,0.421,0.293,0.166,0.038
613,Frontier Airlines Inc.,2017-02-01,0.064,0.422,0.293,0.17,0.051
614,Frontier Airlines Inc.,2017-03-01,0.069,0.437,0.275,0.167,0.053
615,Frontier Airlines Inc.,2017-04-01,0.078,0.434,0.284,0.153,0.051
616,Frontier Airlines Inc.,2017-05-01,0.1,0.461,0.239,0.141,0.06
617,Frontier Airlines Inc.,2017-06-01,0.101,0.467,0.228,0.145,0.06
618,Frontier Airlines Inc.,2017-07-01,0.093,0.448,0.235,0.168,0.056
619,Frontier Airlines Inc.,2017-08-01,0.084,0.428,0.266,0.156,0.067
620,Frontier Airlines Inc.,2017-09-01,0.065,0.413,0.26,0.174,0.088
621,Frontier Airlines Inc.,2017-10-01,0.096,0.406,0.312,0.133,0.053
622,Frontier Airlines Inc.,2017-11-01,0.076,0.423,0.322,0.141,0.038
623,Frontier Airlines Inc.,2017-12-01,0.092,0.421,0.338,0.115,0.035
624,Frontier Airlines Inc.,2018-01-01,0.076,0.424,0.347,0.118,0.034
625,Frontier Airlines Inc.,2018-02-01,0.071,0.407,0.371,0.114,0.036
626,Frontier Airlines Inc.,2018-03-01,0.071,0.441,0.337,0.11,0.041
627,Frontier Airlines Inc.,2018-04-01,0.078,0.408,0.37,0.113,0.031
628,Frontier Airlines Inc.,2018-05-01,0.087,0.461,0.327,0.1,0.024
629,Frontier Airlines Inc.,2018-06-01,0.085,0.452,0.328,0.111,0.024
630,Frontier Airlines Inc.,2018-07-01,0.085,0.432,0.354,0.104,0.024
631,Frontier Airlines Inc.,2018-08-01,0.087,0.429,0.346,0.105,0.033
632,Frontier Airlines Inc.,2018-09-01,0.098,0.458,0.308,0.103,0.034
633,Frontier Airlines Inc.,2018-10-01,0.088,0.449,0.326,0.107,0.03
634,Frontier Airlines Inc.,2018-11-01,0.084,0.41,0.368,0.106,0.032
635,Frontier Airlines Inc.,2018-12-01,0.074,0.409,0.365,0.114,0.038
636,Frontier Airlines Inc.,2019-01-01,0.068,0.413,0.368,0.113,0.038
637,Frontier Airlines Inc.,2019-02-01,0.078,0.416,0.36,0.112,0.034
638,Frontier Airlines Inc.,2019-03-01,0.079,0.415,0.36,0.115,0.032
639,Frontier Airlines Inc.,2019-04-01,0.082,0.415,0.354,0.117,0.032
640,Frontier Airlines Inc.,2019-05-01,0.122,0.458,0.279,0.108,0.033
641,Frontier Airlines Inc.,2019-06-01,0.124,0.448,0.271,0.114,0.042
642,Frontier Airlines Inc.,2019-07-01,0.114,0.442,0.292,0.113,0.039
643,Frontier Airlines Inc.,2019-08-01,0.118,0.439,0.29,0.116,0.036
644,Frontier Airlines Inc.,2019-09-01,0.117,0.441,0.277,0.121,0.044
645,Frontier Airlines Inc.,2019-10-01,0.116,0.433,0.295,0.121,0.034
646,Frontier Airlines Inc.,2019-11-01,0.108,0.404,0.346,0.113,0.03
647,Frontier Airlines Inc.,2019-12-01,0.092,0.382,0.38,0.107,0.038
648,GoJet Airlines LLC d/b/a United Express,2014-01-01,0.424,0.458,0.118,0,0
649,GoJet Airlines LLC d/b/a United Express,2014-02-01,0.4,0.475,0.125,0,0
650,GoJet Airlines LLC d/b/a United Express,2014-03-01,0.379,0.487,0.134,0,0
651,GoJet Airlines LLC d/b/a United Express,2014-04-01,0.368,0.525,0.108,0,0
652,GoJet Airlines LLC d/b/a United Express,2014-05-01,0.447,0.44,0.114,0,0
653,GoJet Airlines LLC d/b/a United Express,2014-06-01,0.433,0.443,0.125,0,0
654,GoJet Airlines LLC d/b/a United Express,2014-07-01,0.459,0.434,0.107,0,0
655,GoJet Airlines LLC d/b/a United Express,2014-08-01,0.415,0.455,0.13,0,0
656,GoJet Airlines LLC d/b/a United Express,2014-09-01,0.403,0.494,0.103,0,0
657,GoJet Airlines LLC d/b/a United Express,2014-10-01,0.371,0.54,0.089,0,0
658,GoJet Airlines LLC d/b/a United Express,2014-11-01,0.418,0.502,0.08,0,0
659,GoJet Airlines LLC d/b/a United Express,2014-12-01,0.38,0.504,0.116,0,0
660,GoJet Airlines LLC d/b/a United Express,2015-01-01,0.379,0.52,0.101,0,0
661,GoJet Airlines LLC d/b/a United Express,2015-02-01,0.402,0.467,0.13,0,0
662,GoJet Airlines LLC d/b/a United Express,2015-03-01,0.365,0.517,0.117,0,0
663,GoJet Airlines LLC d/b/a United Express,2015-04-01,0.425,0.486,0.089,0,0
664,GoJet Airlines LLC d/b/a United Express,2015-05-01,0.427,0.479,0.095,0,0
665,GoJet Airlines LLC d/b/a United Express,2015-06-01,0.449,0.445,0.105,0,0
666,GoJet Airlines LLC d/b/a United Express,2015-07-01,0.39,0.496,0.114,0,0
667,GoJet Airlines LLC d/b/a United Express,2015-08-01,0.424,0.477,0.099,0,0
668,GoJet Airlines LLC d/b/a United Express,2015-09-01,0.443,0.469,0.089,0,0
669,GoJet Airlines LLC d/b/a United Express,2015-10-01,0.488,0.456,0.056,0,0
670,GoJet Airlines LLC d/b/a United Express,2015-11-01,0.461,0.483,0.056,0,0
671,GoJet Airlines LLC d/b/a United Express,2015-12-01,0.442,0.483,0.076,0,0
672,GoJet Airlines LLC d/b/a United Express,2016-01-01,0.419,0.49,0.091,0,0
673,GoJet Airlines LLC d/b/a United Express,2016-02-01,0.465,0.452,0.08,0.003,0
674,GoJet Airlines LLC d/b/a United Express,2016-03-01,0.438,0.469,0.093,0,0
675,GoJet Airlines LLC d/b/a United Express,2016-04-01,0.423,0.474,0.102,0,0
676,GoJet Airlines LLC d/b/a United Express,2016-05-01,0.459,0.45,0.091,0,0
677,GoJet Airlines LLC d/b/a United Express,2016-06-01,0.428,0.466,0.106,0,0
678,GoJet Airlines LLC d/b/a United Express,2016-07-01,0.409,0.498,0.093,0,0
679,GoJet Airlines LLC d/b/a United Express,2016-08-01,0.43,0.487,0.083,0,0
680,GoJet Airlines LLC d/b/a United Express,2016-09-01,0.424,0.476,0.1,0,0
681,GoJet Airlines LLC d/b/a United Express,2016-10-01,0.431,0.499,0.071,0,0
682,GoJet Airlines LLC d/b/a United Express,2016-11-01,0.452,0.459,0.089,0,0
683,GoJet Airlines LLC d/b/a United Express,2016-12-01,0.419,0.477,0.105,0,0
684,GoJet Airlines LLC d/b/a United Express,2017-01-01,0.462,0.441,0.097,0,0
685,GoJet Airlines LLC d/b/a United Express,2017-02-01,0.472,0.429,0.099,0,0
686,GoJet Airlines LLC d/b/a United Express,2017-03-01,0.421,0.467,0.112,0,0
687,GoJet Airlines LLC d/b/a United Express,2017-04-01,0.462,0.412,0.126,0,0
688,GoJet Airlines LLC d/b/a United Express,2017-05-01,0.485,0.431,0.084,0,0
689,GoJet Airlines LLC d/b/a United Express,2017-06-01,0.502,0.426,0.072,0,0
690,GoJet Airlines LLC d/b/a United Express,2017-07-01,0.482,0.461,0.058,0,0
691,GoJet Airlines LLC d/b/a United Express,2017-08-01,0.508,0.43,0.063,0,0
692,GoJet Airlines LLC d/b/a United Express,2017-09-01,0.532,0.42,0.048,0,0
693,GoJet Airlines LLC d/b/a United Express,2017-10-01,0.515,0.433,0.052,0,0
694,GoJet Airlines LLC d/b/a United Express,2017-11-01,0.518,0.414,0.068,0,0
695,GoJet Airlines LLC d/b/a United Express,2017-12-01,0.494,0.428,0.078,0,0
696,GoJet Airlines LLC d/b/a United Express,2018-01-01,0.55,0.395,0.055,0,0
697,GoJet Airlines LLC d/b/a United Express,2018-02-01,0.552,0.336,0.112,0,0
698,GoJet Airlines LLC d/b/a United Express,2018-03-01,0.504,0.39,0.106,0,0
699,GoJet Airlines LLC d/b/a United Express,2018-04-01,0.514,0.37,0.116,0,0
700,GoJet Airlines LLC d/b/a United Express,2018-05-01,0.538,0.348,0.114,0,0
701,GoJet Airlines LLC d/b/a United Express,2018-06-01,0.484,0.416,0.1,0,0
702,GoJet Airlines LLC d/b/a United Express,2018-07-01,0.48,0.444,0.076,0,0
703,GoJet Airlines LLC d/b/a United Express,2018-08-01,0.532,0.368,0.099,0,0
704,GoJet Airlines LLC d/b/a United Express,2018-09-01,0.55,0.378,0.072,0,0
705,GoJet Airlines LLC d/b/a United Express,2018-10-01,0.502,0.407,0.091,0,0
706,GoJet Airlines LLC d/b/a United Express,2018-11-01,0.526,0.385,0.089,0,0
707,GoJet Airlines LLC d/b/a United Express,2018-12-01,0.466,0.429,0.105,0,0
708,GoJet Airlines LLC d/b/a United Express,2019-01-01,0.463,0.43,0.107,0,0
709,GoJet Airlines LLC d/b/a United Express,2019-02-01,0.495,0.392,0.113,0,0
710,GoJet Airlines LLC d/b/a United Express,2019-03-01,0.508,0.373,0.119,0,0
711,GoJet Airlines LLC d/b/a United Express,2019-04-01,0.542,0.37,0.088,0,0
712,GoJet Airlines LLC d/b/a United Express,2019-05-01,0.581,0.307,0.112,0,0
713,GoJet Airlines LLC d/b/a United Express,2019-06-01,0.473,0.429,0.098,0,0
714,GoJet Airlines LLC d/b/a United Express,2019-07-01,0.534,0.383,0.083,0,0
715,GoJet Airlines LLC d/b/a United Express,2019-08-01,0.525,0.391,0.084,0,0
716,GoJet Airlines LLC d/b/a United Express,2019-09-01,0.547,0.407,0.047,0,0
717,GoJet Airlines LLC d/b/a United Express,2019-10-01,0.562,0.37,0.068,0,0
718,GoJet Airlines LLC d/b/a United Express,2019-11-01,0.56,0.365,0.076,0,0
719,GoJet Airlines LLC d/b/a United Express,2019-12-01,0.507,0.405,0.088,0,0
720,Grant Aviation,2014-01-01,1.0,0.0,0.0,0,0
721,Grant Aviation,2014-02-01,0.997,0.003,0.0,0,0
722,Grant Aviation,2014-03-01,1.0,0.0,0.0,0,0
723,Grant Aviation,2014-04-01,0.995,0.005,0.0,0,0
724,Grant Aviation,2014-05-01,0.994,0.006,0.0,0,0
725,Grant Aviation,2014-06-01,0.995,0.005,0.0,0,0
726,Grant Aviation,2014-07-01,1.0,0.0,0.0,0,0
727,Grant Aviation,2014-08-01,1.0,0.0,0.0,0,0
728,Grant Aviation,2014-09-01,1.0,0.0,0.0,0,0
729,Grant Aviation,2014-10-01,1.0,0.0,0.0,0,0
730,Grant Aviation,2014-11-01,1.0,0.0,0.0,0,0
731,Grant Aviation,2014-12-01,1.0,0.0,0.0,0,0
732,Grant Aviation,2015-01-01,0.977,0.023,0.0,0,0
733,Grant Aviation,2015-02-01,1.0,0.0,0.0,0,0
734,Grant Aviation,2015-03-01,1.0,0.0,0.0,0,0
735,Grant Aviation,2015-04-01,1.0,0.0,0.0,0,0
736,Grant Aviation,2015-05-01,1.0,0.0,0.0,0,0
737,Grant Aviation,2015-06-01,1.0,0.0,0.0,0,0
738,Grant Aviation,2015-07-01,1.0,0.0,0.0,0,0
739,Grant Aviation,2015-08-01,1.0,0.0,0.0,0,0
740,Grant Aviation,2015-09-01,1.0,0.0,0.0,0,0
741,Grant Aviation,2015-10-01,1.0,0.0,0.0,0,0
742,Grant Aviation,2015-11-01,1.0,0.0,0.0,0,0
743,Grant Aviation,2015-12-01,1.0,0.0,0.0,0,0
744,Grant Aviation,2016-01-01,1.0,0.0,0.0,0,0
745,Grant Aviation,2016-02-01,1.0,0.0,0.0,0,0
746,Grant Aviation,2016-03-01,1.0,0.0,0.0,0,0
747,Grant Aviation,2016-04-01,1.0,0.0,0.0,0,0
748,Grant Aviation,2016-05-01,1.0,0.0,0.0,0,0
749,Grant Aviation,2016-06-01,1.0,0.0,0.0,0,0
750,Grant Aviation,2016-07-01,1.0,0.0,0.0,0,0
751,Grant Aviation,2016-08-01,1.0,0.0,0.0,0,0
752,Grant Aviation,2016-09-01,1.0,0.0,0.0,0,0
753,Grant Aviation,2016-10-01,1.0,0.0,0.0,0,0
754,Grant Aviation,2016-11-01,1.0,0.0,0.0,0,0
755,Grant Aviation,2016-12-01,1.0,0.0,0.0,0,0
756,Grant Aviation,2017-01-01,1.0,0.0,0.0,0,0
757,Grant Aviation,2017-02-01,1.0,0.0,0.0,0,0
758,Grant Aviation,2017-03-01,1.0,0.0,0.0,0,0
759,Grant Aviation,2017-04-01,1.0,0.0,0.0,0,0
760,Grant Aviation,2017-05-01,1.0,0.0,0.0,0,0
761,Grant Aviation,2017-06-01,1.0,0.0,0.0,0,0
762,Grant Aviation,2017-07-01,1.0,0.0,0.0,0,0
763,Grant Aviation,2017-08-01,1.0,0.0,0.0,0,0
764,Grant Aviation,2017-09-01,1.0,0.0,0.0,0,0
765,Grant Aviation,2017-10-01,1.0,0.0,0.0,0,0
766,Grant Aviation,2017-11-01,1.0,0.0,0.0,0,0
767,Grant Aviation,2017-12-01,1.0,0.0,0.0,0,0
768,Grant Aviation,2018-01-01,1.0,0.0,0.0,0,0
769,Grant Aviation,2018-02-01,1.0,0.0,0.0,0,0
770,Grant Aviation,2018-03-01,1.0,0.0,0.0,0,0
771,Grant Aviation,2018-04-01,1.0,0.0,0.0,0,0
772,Grant Aviation,2018-05-01,1.0,0.0,0.0,0,0
773,Grant Aviation,2018-06-01,0.994,0.006,0.0,0,0
774,Grant Aviation,2018-07-01,1.0,0.0,0.0,0,0
775,Grant Aviation,2018-08-01,1.0,0.0,0.0,0,0
776,Grant Aviation,2018-09-01,1.0,0.0,0.0,0,0
777,Grant Aviation,2018-10-01,1.0,0.0,0.0,0,0
778,Grant Aviation,2018-11-01,1.0,0.0,0.0,0,0
779,Grant Aviation,2018-12-01,1.0,0.0,0.0,0,0
780,Grant Aviation,2019-01-01,1.0,0.0,0.0,0,0
781,Grant Aviation,2019-02-01,1.0,0.0,0.0,0,0
782,Grant Aviation,2019-03-01,1.0,0.0,0.0,0,0
783,Grant Aviation,2019-04-01,1.0,0.0,0.0,0,0
784,Grant Aviation,2019-05-01,1.0,0.0,0.0,0,0
785,Grant Aviation,2019-06-01,1.0,0.0,0.0,0,0
786,Grant Aviation,2019-07-01,1.0,0.0,0.0,0,0
787,Grant Aviation,2019-08-01,1.0,0.0,0.0,0,0
788,Grant Aviation,2019-09-01,1.0,0.0,0.0,0,0
789,Grant Aviation,2019-10-01,1.0,0.0,0.0,0,0
790,Grant Aviation,2019-11-01,1.0,0.0,0.0,0,0
791,Grant Aviation,2019-12-01,1.0,0.0,0.0,0,0
792,JetBlue Airways,2014-01-01,0.229,0.188,0.343,0.094,0.096
793,JetBlue Airways,2014-02-01,0.251,0.191,0.339,0.101,0.074
794,JetBlue Airways,2014-03-01,0.21,0.203,0.361,0.101,0.074
795,JetBlue Airways,2014-04-01,0.202,0.202,0.368,0.101,0.075
796,JetBlue Airways,2014-05-01,0.219,0.202,0.325,0.103,0.096
797,JetBlue Airways,2014-06-01,0.218,0.2,0.331,0.103,0.09
798,JetBlue Airways,2014-07-01,0.255,0.184,0.313,0.095,0.095
799,JetBlue Airways,2014-08-01,0.238,0.204,0.309,0.105,0.085
800,JetBlue Airways,2014-09-01,0.208,0.246,0.299,0.107,0.087
801,JetBlue Airways,2014-10-01,0.217,0.232,0.333,0.094,0.072
802,JetBlue Airways,2014-11-01,0.202,0.232,0.343,0.102,0.07
803,JetBlue Airways,2014-12-01,0.189,0.245,0.324,0.105,0.079
804,JetBlue Airways,2015-01-01,0.202,0.226,0.335,0.102,0.083
805,JetBlue Airways,2015-02-01,0.204,0.224,0.34,0.118,0.071
806,JetBlue Airways,2015-03-01,0.228,0.241,0.32,0.107,0.064
807,JetBlue Airways,2015-04-01,0.244,0.211,0.33,0.101,0.068
808,JetBlue Airways,2015-05-01,0.213,0.229,0.308,0.097,0.088
809,JetBlue Airways,2015-06-01,0.259,0.208,0.3,0.101,0.078
810,JetBlue Airways,2015-07-01,0.252,0.224,0.286,0.097,0.086
811,JetBlue Airways,2015-08-01,0.244,0.22,0.291,0.105,0.079
812,JetBlue Airways,2015-09-01,0.227,0.237,0.301,0.109,0.076
813,JetBlue Airways,2015-10-01,0.219,0.242,0.328,0.098,0.074
814,JetBlue Airways,2015-11-01,0.201,0.265,0.322,0.095,0.072
815,JetBlue Airways,2015-12-01,0.204,0.243,0.333,0.096,0.079
816,JetBlue Airways,2016-01-01,0.21,0.222,0.344,0.101,0.078
817,JetBlue Airways,2016-02-01,0.219,0.23,0.333,0.087,0.091
818,JetBlue Airways,2016-03-01,0.208,0.254,0.319,0.086,0.08
819,JetBlue Airways,2016-04-01,0.22,0.248,0.309,0.095,0.081
820,JetBlue Airways,2016-05-01,0.231,0.219,0.324,0.089,0.083
821,JetBlue Airways,2016-06-01,0.258,0.227,0.292,0.089,0.081
822,JetBlue Airways,2016-07-01,0.258,0.239,0.271,0.087,0.087
823,JetBlue Airways,2016-08-01,0.235,0.231,0.275,0.098,0.098
824,JetBlue Airways,2016-09-01,0.239,0.249,0.286,0.089,0.083
825,JetBlue Airways,2016-10-01,0.236,0.264,0.276,0.095,0.084
826,JetBlue Airways,2016-11-01,0.198,0.26,0.313,0.094,0.09
827,JetBlue Airways,2016-12-01,0.211,0.281,0.287,0.09,0.09
828,JetBlue Airways,2017-01-01,0.201,0.267,0.312,0.093,0.091
829,JetBlue Airways,2017-02-01,0.203,0.258,0.296,0.108,0.093
830,JetBlue Airways,2017-03-01,0.216,0.249,0.299,0.092,0.1
831,JetBlue Airways,2017-04-01,0.222,0.246,0.3,0.089,0.091
832,JetBlue Airways,2017-05-01,0.251,0.254,0.277,0.083,0.078
833,JetBlue Airways,2017-06-01,0.255,0.234,0.266,0.089,0.097
834,JetBlue Airways,2017-07-01,0.266,0.261,0.259,0.081,0.086
835,JetBlue Airways,2017-08-01,0.25,0.267,0.259,0.087,0.089
836,JetBlue Airways,2017-09-01,0.214,0.239,0.307,0.095,0.086
837,JetBlue Airways,2017-10-01,0.215,0.246,0.312,0.085,0.088
838,JetBlue Airways,2017-11-01,0.179,0.265,0.333,0.088,0.092
839,JetBlue Airways,2017-12-01,0.217,0.239,0.316,0.098,0.089
840,JetBlue Airways,2018-01-01,0.194,0.262,0.317,0.092,0.094
841,JetBlue Airways,2018-02-01,0.219,0.242,0.307,0.084,0.096
842,JetBlue Airways,2018-03-01,0.233,0.264,0.291,0.078,0.085
843,JetBlue Airways,2018-04-01,0.261,0.235,0.277,0.08,0.101
844,JetBlue Airways,2018-05-01,0.257,0.256,0.286,0.075,0.083
845,JetBlue Airways,2018-06-01,0.272,0.257,0.269,0.075,0.082
846,JetBlue Airways,2018-07-01,0.278,0.243,0.26,0.08,0.086
847,JetBlue Airways,2018-08-01,0.297,0.244,0.249,0.08,0.083
848,JetBlue Airways,2018-09-01,0.241,0.252,0.287,0.082,0.086
849,JetBlue Airways,2018-10-01,0.229,0.261,0.29,0.082,0.093
850,JetBlue Airways,2018-11-01,0.233,0.259,0.284,0.088,0.096
851,JetBlue Airways,2018-12-01,0.211,0.268,0.298,0.093,0.086
852,JetBlue Airways,2019-01-01,0.201,0.262,0.298,0.101,0.087
853,JetBlue Airways,2019-02-01,0.206,0.267,0.301,0.097,0.083
854,JetBlue Airways,2019-03-01,0.19,0.238,0.316,0.109,0.096
855,JetBlue Airways,2019-04-01,0.216,0.235,0.3,0.099,0.104
856,JetBlue Airways,2019-05-01,0.253,0.234,0.291,0.088,0.09
857,JetBlue Airways,2019-06-01,0.289,0.226,0.261,0.086,0.088
858,JetBlue Airways,2019-07-01,0.303,0.225,0.251,0.082,0.089
859,JetBlue Airways,2019-08-01,0.28,0.241,0.249,0.087,0.092
860,JetBlue Airways,2019-09-01,0.246,0.246,0.266,0.089,0.096
861,JetBlue Airways,2019-10-01,0.226,0.25,0.297,0.09,0.088
862,JetBlue Airways,2019-11-01,0.187,0.232,0.312,0.108,0.106
863,JetBlue Airways,2019-12-01,0.202,0.243,0.311,0.104,0.101
864,Mesa Airlines Inc.,2014-01-01,0.513,0.393,0.091,0.004,0
865,Mesa Airlines Inc.,2014-02-01,0.54,0.398,0.062,0,0
866,Mesa Airlines Inc.,2014-03-01,0.552,0.384,0.061,0.004,0
867,Mesa Airlines Inc.,2014-04-01,0.544,0.402,0.053,0,0
868,Mesa Airlines Inc.,2014-05-01,0.552,0.399,0.049,0,0
869,Mesa Airlines Inc.,2014-06-01,0.552,0.399,0.049,0,0
870,Mesa Airlines Inc.,2014-07-01,0.564,0.373,0.061,0.003,0
871,Mesa Airlines Inc.,2014-08-01,0.493,0.407,0.097,0.003,0
872,Mesa Airlines Inc.,2014-09-01,0.523,0.383,0.093,0,0
873,Mesa Airlines Inc.,2014-10-01,0.552,0.325,0.116,0.007,0
874,Mesa Airlines Inc.,2014-11-01,0.537,0.355,0.101,0.007,0
875,Mesa Airlines Inc.,2014-12-01,0.508,0.363,0.123,0.006,0
876,Mesa Airlines Inc.,2015-01-01,0.517,0.356,0.122,0.006,0
877,Mesa Airlines Inc.,2015-02-01,0.525,0.314,0.154,0.006,0
878,Mesa Airlines Inc.,2015-03-01,0.525,0.325,0.139,0.012,0
879,Mesa Airlines Inc.,2015-04-01,0.519,0.319,0.15,0.011,0
880,Mesa Airlines Inc.,2015-05-01,0.5,0.327,0.168,0.005,0
881,Mesa Airlines Inc.,2015-06-01,0.531,0.299,0.164,0.006,0
882,Mesa Airlines Inc.,2015-07-01,0.488,0.34,0.166,0.006,0
883,Mesa Airlines Inc.,2015-08-01,0.482,0.361,0.148,0.008,0
884,Mesa Airlines Inc.,2015-09-01,0.476,0.376,0.142,0.006,0
885,Mesa Airlines Inc.,2015-10-01,0.496,0.378,0.121,0.005,0
886,Mesa Airlines Inc.,2015-11-01,0.479,0.38,0.136,0.005,0
887,Mesa Airlines Inc.,2015-12-01,0.471,0.386,0.131,0.012,0
888,Mesa Airlines Inc.,2016-01-01,0.466,0.4,0.124,0.01,0
889,Mesa Airlines Inc.,2016-02-01,0.484,0.381,0.12,0.014,0
890,Mesa Airlines Inc.,2016-03-01,0.484,0.39,0.116,0.011,0
891,Mesa Airlines Inc.,2016-04-01,0.481,0.384,0.124,0.011,0
892,Mesa Airlines Inc.,2016-05-01,0.479,0.405,0.111,0.005,0
893,Mesa Airlines Inc.,2016-06-01,0.458,0.407,0.13,0.005,0
894,Mesa Airlines Inc.,2016-07-01,0.47,0.398,0.127,0.005,0
895,Mesa Airlines Inc.,2016-08-01,0.464,0.398,0.133,0.005,0
896,Mesa Airlines Inc.,2016-09-01,0.477,0.39,0.126,0.006,0
897,Mesa Airlines Inc.,2016-10-01,0.476,0.397,0.121,0.006,0
898,Mesa Airlines Inc.,2016-11-01,0.477,0.395,0.116,0.012,0
899,Mesa Airlines Inc.,2016-12-01,0.459,0.383,0.144,0.015,0
900,Mesa Airlines Inc.,2017-01-01,0.476,0.375,0.136,0.013,0
901,Mesa Airlines Inc.,2017-02-01,0.507,0.359,0.124,0.01,0
902,Mesa Airlines Inc.,2017-03-01,0.494,0.381,0.113,0.013,0
903,Mesa Airlines Inc.,2017-04-01,0.498,0.384,0.109,0.01,0
904,Mesa Airlines Inc.,2017-05-01,0.517,0.373,0.1,0.01,0
905,Mesa Airlines Inc.,2017-06-01,0.486,0.393,0.108,0.012,0
906,Mesa Airlines Inc.,2017-07-01,0.506,0.365,0.125,0.005,0
907,Mesa Airlines Inc.,2017-08-01,0.5,0.374,0.121,0.005,0
908,Mesa Airlines Inc.,2017-09-01,0.492,0.362,0.13,0.017,0
909,Mesa Airlines Inc.,2017-10-01,0.512,0.362,0.115,0.011,0
910,Mesa Airlines Inc.,2017-11-01,0.509,0.369,0.116,0.005,0
911,Mesa Airlines Inc.,2017-12-01,0.488,0.351,0.144,0.017,0
912,Mesa Airlines Inc.,2018-01-01,0.45,0.367,0.173,0.009,0
913,Mesa Airlines Inc.,2018-02-01,0.435,0.413,0.142,0.01,0
914,Mesa Airlines Inc.,2018-03-01,0.494,0.354,0.146,0.006,0
915,Mesa Airlines Inc.,2018-04-01,0.481,0.396,0.118,0.005,0
916,Mesa Airlines Inc.,2018-05-01,0.5,0.398,0.102,0,0
917,Mesa Airlines Inc.,2018-06-01,0.478,0.393,0.124,0.005,0
918,Mesa Airlines Inc.,2018-07-01,0.485,0.395,0.115,0.005,0
919,Mesa Airlines Inc.,2018-08-01,0.481,0.385,0.129,0.005,0
920,Mesa Airlines Inc.,2018-09-01,0.483,0.385,0.127,0.005,0
921,Mesa Airlines Inc.,2018-10-01,0.476,0.379,0.136,0.01,0
922,Mesa Airlines Inc.,2018-11-01,0.472,0.393,0.126,0.01,0
923,Mesa Airlines Inc.,2018-12-01,0.474,0.377,0.139,0.01,0
924,Mesa Airlines Inc.,2019-01-01,0.444,0.395,0.152,0.009,0
925,Mesa Airlines Inc.,2019-02-01,0.467,0.362,0.162,0.009,0
926,Mesa Airlines Inc.,2019-03-01,0.478,0.382,0.13,0.009,0
927,Mesa Airlines Inc.,2019-04-01,0.467,0.373,0.146,0.013,0
928,Mesa Airlines Inc.,2019-05-01,0.465,0.39,0.136,0.009,0
929,Mesa Airlines Inc.,2019-06-01,0.47,0.389,0.134,0.008,0
930,Mesa Airlines Inc.,2019-07-01,0.461,0.389,0.141,0.009,0
931,Mesa Airlines Inc.,2019-08-01,0.476,0.378,0.134,0.013,0
932,Mesa Airlines Inc.,2019-09-01,0.453,0.404,0.134,0.009,0
933,Mesa Airlines Inc.,2019-10-01,0.458,0.411,0.122,0.008,0
934,Mesa Airlines Inc.,2019-11-01,0.462,0.378,0.148,0.012,0
935,Mesa Airlines Inc.,2019-12-01,0.45,0.391,0.144,0.013,0.002
936,PSA Airlines Inc.,2014-01-01,0.7,0.3,0.0,0,0
937,PSA Airlines Inc.,2014-02-01,0.696,0.304,0.0,0,0
938,PSA Airlines Inc.,2014-03-01,0.71,0.29,0.0,0,0
939,PSA Airlines Inc.,2014-04-01,0.732,0.268,0.0,0,0
940,PSA Airlines Inc.,2014-05-01,0.778,0.222,0.0,0,0
941,PSA Airlines Inc.,2014-06-01,0.763,0.237,0.0,0,0
942,PSA Airlines Inc.,2014-07-01,0.784,0.216,0.0,0,0
943,PSA Airlines Inc.,2014-08-01,0.786,0.208,0.006,0,0
944,PSA Airlines Inc.,2014-09-01,0.762,0.232,0.006,0,0
945,PSA Airlines Inc.,2014-10-01,0.73,0.264,0.006,0,0
946,PSA Airlines Inc.,2014-11-01,0.72,0.275,0.005,0,0
947,PSA Airlines Inc.,2014-12-01,0.714,0.281,0.005,0,0
948,PSA Airlines Inc.,2015-01-01,0.695,0.3,0.005,0,0
949,PSA Airlines Inc.,2015-02-01,0.7,0.296,0.005,0,0
950,PSA Airlines Inc.,2015-03-01,0.7,0.296,0.005,0,0
951,PSA Airlines Inc.,2015-04-01,0.705,0.29,0.005,0,0
952,PSA Airlines Inc.,2015-05-01,0.7,0.295,0.005,0,0
953,PSA Airlines Inc.,2015-06-01,0.687,0.304,0.009,0,0
954,PSA Airlines Inc.,2015-07-01,0.674,0.312,0.013,0,0
955,PSA Airlines Inc.,2015-08-01,0.691,0.301,0.008,0,0
956,PSA Airlines Inc.,2015-09-01,0.689,0.303,0.008,0,0
957,PSA Airlines Inc.,2015-10-01,0.687,0.305,0.008,0,0
958,PSA Airlines Inc.,2015-11-01,0.711,0.281,0.008,0,0
959,PSA Airlines Inc.,2015-12-01,0.707,0.285,0.008,0,0
960,PSA Airlines Inc.,2016-01-01,0.688,0.305,0.007,0,0
961,PSA Airlines Inc.,2016-02-01,0.697,0.292,0.01,0,0
962,PSA Airlines Inc.,2016-03-01,0.676,0.316,0.008,0,0
963,PSA Airlines Inc.,2016-04-01,0.678,0.312,0.01,0,0
964,PSA Airlines Inc.,2016-05-01,0.704,0.286,0.01,0,0
965,PSA Airlines Inc.,2016-06-01,0.692,0.297,0.011,0,0
966,PSA Airlines Inc.,2016-07-01,0.717,0.268,0.015,0,0
967,PSA Airlines Inc.,2016-08-01,0.696,0.298,0.006,0,0
968,PSA Airlines Inc.,2016-09-01,0.731,0.263,0.007,0,0
969,PSA Airlines Inc.,2016-10-01,0.7,0.293,0.007,0,0
970,PSA Airlines Inc.,2016-11-01,0.696,0.292,0.013,0,0
971,PSA Airlines Inc.,2016-12-01,0.702,0.286,0.012,0,0
972,PSA Airlines Inc.,2017-01-01,0.684,0.304,0.012,0,0
973,PSA Airlines Inc.,2017-02-01,0.689,0.298,0.014,0,0
974,PSA Airlines Inc.,2017-03-01,0.685,0.308,0.007,0,0
975,PSA Airlines Inc.,2017-04-01,0.667,0.33,0.003,0,0
976,PSA Airlines Inc.,2017-05-01,0.672,0.318,0.01,0,0
977,PSA Airlines Inc.,2017-06-01,0.693,0.298,0.01,0,0
978,PSA Airlines Inc.,2017-07-01,0.697,0.292,0.011,0,0
979,PSA Airlines Inc.,2017-08-01,0.684,0.308,0.008,0,0
980,PSA Airlines Inc.,2017-09-01,0.7,0.296,0.004,0,0
981,PSA Airlines Inc.,2017-10-01,0.689,0.311,0.0,0,0
982,PSA Airlines Inc.,2017-11-01,0.683,0.317,0.0,0,0
983,PSA Airlines Inc.,2017-12-01,0.655,0.345,0.0,0,0
984,PSA Airlines Inc.,2018-01-01,0.645,0.352,0.003,0,0
985,PSA Airlines Inc.,2018-02-01,0.685,0.312,0.003,0,0
986,PSA Airlines Inc.,2018-03-01,0.68,0.317,0.003,0,0
987,PSA Airlines Inc.,2018-04-01,0.687,0.307,0.006,0,0
988,PSA Airlines Inc.,2018-05-01,0.71,0.28,0.01,0,0
989,PSA Airlines Inc.,2018-06-01,0.681,0.308,0.012,0,0
990,PSA Airlines Inc.,2018-07-01,0.67,0.318,0.011,0,0
991,PSA Airlines Inc.,2018-08-01,0.67,0.321,0.009,0,0
992,PSA Airlines Inc.,2018-09-01,0.681,0.313,0.006,0,0
993,PSA Airlines Inc.,2018-10-01,0.671,0.323,0.006,0,0
994,PSA Airlines Inc.,2018-11-01,0.665,0.329,0.006,0,0
995,PSA Airlines Inc.,2018-12-01,0.658,0.336,0.006,0,0
996,PSA Airlines Inc.,2019-01-01,0.654,0.343,0.003,0,0
997,PSA Airlines Inc.,2019-02-01,0.675,0.325,0.0,0,0
998,PSA Airlines Inc.,2019-03-01,0.659,0.341,0.0,0,0
999,PSA Airlines Inc.,2019-04-01,0.628,0.372,0.0,0,0
1000,PSA Airlines Inc.,2019-05-01,0.673,0.324,0.003,0,0
1001,PSA Airlines Inc.,2019-06-01,0.673,0.322,0.005,0,0
1002,PSA Airlines Inc.,2019-07-01,0.652,0.341,0.007,0,0
1003,PSA Airlines Inc.,2019-08-01,0.651,0.344,0.005,0,0
1004,PSA Airlines Inc.,2019-09-01,0.616,0.375,0.009,0,0
1005,PSA Airlines Inc.,2019-10-01,0.61,0.378,0.013,0,0
1006,PSA Airlines Inc.,2019-11-01,0.602,0.382,0.017,0,0
1007,PSA Airlines Inc.,2019-12-01,0.619,0.366,0.015,0,0
1008,Republic Airline,2014-01-01,0.542,0.358,0.089,0.01,0
1009,Republic Airline,2014-02-01,0.534,0.341,0.094,0.031,0
1010,Republic Airline,2014-03-01,0.539,0.337,0.095,0.029,0
1011,Republic Airline,2014-04-01,0.559,0.333,0.091,0.015,0.001
1012,Republic Airline,2014-05-01,0.568,0.339,0.076,0.017,0
1013,Republic Airline,2014-06-01,0.559,0.357,0.071,0.013,0
1014,Republic Airline,2014-07-01,0.559,0.357,0.072,0.012,0
1015,Republic Airline,2014-08-01,0.584,0.334,0.068,0.015,0
1016,Republic Airline,2014-09-01,0.591,0.332,0.065,0.013,0
1017,Republic Airline,2014-10-01,0.552,0.343,0.089,0.017,0
1018,Republic Airline,2014-11-01,0.572,0.325,0.08,0.023,0
1019,Republic Airline,2014-12-01,0.575,0.33,0.082,0.011,0.002
1020,Republic Airline,2015-01-01,0.559,0.333,0.096,0.012,0
1021,Republic Airline,2015-02-01,0.54,0.349,0.091,0.016,0.003
1022,Republic Airline,2015-03-01,0.536,0.332,0.095,0.036,0
1023,Republic Airline,2015-04-01,0.556,0.331,0.096,0.017,0
1024,Republic Airline,2015-05-01,0.531,0.347,0.097,0.024,0
1025,Republic Airline,2015-06-01,0.572,0.333,0.08,0.016,0
1026,Republic Airline,2015-07-01,0.569,0.339,0.073,0.018,0
1027,Republic Airline,2015-08-01,0.605,0.323,0.064,0.007,0
1028,Republic Airline,2015-09-01,0.614,0.322,0.064,0,0
1029,Republic Airline,2015-10-01,0.602,0.31,0.082,0.006,0
1030,Republic Airline,2015-11-01,0.591,0.324,0.079,0.006,0
1031,Republic Airline,2015-12-01,0.549,0.328,0.115,0.008,0
1032,Republic Airline,2016-01-01,0.521,0.346,0.123,0.009,0
1033,Republic Airline,2016-02-01,0.522,0.332,0.134,0.012,0
1034,Republic Airline,2016-03-01,0.501,0.358,0.131,0.01,0
1035,Republic Airline,2016-04-01,0.457,0.406,0.127,0.01,0
1036,Republic Airline,2016-05-01,0.489,0.38,0.123,0.008,0
1037,Republic Airline,2016-06-01,0.461,0.405,0.125,0.01,0
1038,Republic Airline,2016-07-01,0.449,0.399,0.142,0.009,0
1039,Republic Airline,2016-08-01,0.436,0.419,0.14,0.006,0
1040,Republic Airline,2016-09-01,0.469,0.403,0.118,0.009,0
1041,Republic Airline,2016-10-01,0.451,0.42,0.119,0.01,0
1042,Republic Airline,2016-11-01,0.443,0.421,0.131,0.006,0
1043,Republic Airline,2016-12-01,0.444,0.393,0.155,0.007,0
1044,Republic Airline,2017-01-01,0.44,0.389,0.163,0.008,0
1045,Republic Airline,2017-02-01,0.452,0.376,0.162,0.009,0
1046,Republic Airline,2017-03-01,0.426,0.393,0.17,0.01,0
1047,Republic Airline,2017-04-01,0.399,0.412,0.18,0.009,0
1048,Republic Airline,2017-05-01,0.416,0.402,0.175,0.007,0
1049,Republic Airline,2017-06-01,0.436,0.393,0.161,0.009,0
1050,Republic Airline,2017-07-01,0.425,0.401,0.166,0.008,0
1051,Republic Airline,2017-08-01,0.433,0.398,0.158,0.01,0
1052,Republic Airline,2017-09-01,0.429,0.411,0.151,0.009,0
1053,Republic Airline,2017-10-01,0.435,0.393,0.165,0.007,0
1054,Republic Airline,2017-11-01,0.404,0.402,0.186,0.008,0
1055,Republic Airline,2017-12-01,0.393,0.432,0.168,0.007,0
1056,Republic Airline,2018-01-01,0.406,0.406,0.179,0.009,0
1057,Republic Airline,2018-02-01,0.423,0.394,0.176,0.007,0
1058,Republic Airline,2018-03-01,0.416,0.416,0.163,0.005,0
1059,Republic Airline,2018-04-01,0.419,0.418,0.157,0.006,0
1060,Republic Airline,2018-05-01,0.426,0.417,0.15,0.007,0
1061,Republic Airline,2018-06-01,0.413,0.419,0.163,0.005,0
1062,Republic Airline,2018-07-01,0.427,0.396,0.17,0.007,0
1063,Republic Airline,2018-08-01,0.41,0.403,0.181,0.006,0
1064,Republic Airline,2018-09-01,0.447,0.371,0.177,0.005,0
1065,Republic Airline,2018-10-01,0.44,0.376,0.178,0.007,0
1066,Republic Airline,2018-11-01,0.448,0.375,0.166,0.011,0
1067,Republic Airline,2018-12-01,0.418,0.401,0.171,0.009,0
1068,Republic Airline,2019-01-01,0.423,0.411,0.157,0.01,0
1069,Republic Airline,2019-02-01,0.431,0.404,0.155,0.01,0
1070,Republic Airline,2019-03-01,0.395,0.432,0.169,0.004,0
1071,Republic Airline,2019-04-01,0.425,0.397,0.17,0.008,0
1072,Republic Airline,2019-05-01,0.424,0.41,0.159,0.008,0
1073,Republic Airline,2019-06-01,0.427,0.398,0.167,0.008,0
1074,Republic Airline,2019-07-01,0.416,0.407,0.167,0.009,0
1075,Republic Airline,2019-08-01,0.421,0.399,0.171,0.009,0
1076,Republic Airline,2019-09-01,0.426,0.419,0.151,0.004,0
1077,Republic Airline,2019-10-01,0.427,0.409,0.158,0.006,0
1078,Republic Airline,2019-11-01,0.451,0.385,0.16,0.004,0
1079,Republic Airline,2019-12-01,0.41,0.403,0.18,0.008,0
1080,Shuttle America Corp.,2014-01-01,0.354,0.398,0.243,0.004,0
1081,Shuttle America Corp.,2014-02-01,0.384,0.375,0.236,0.004,0
1082,Shuttle America Corp.,2014-03-01,0.356,0.402,0.232,0.01,0
1083,Shuttle America Corp.,2014-04-01,0.368,0.415,0.212,0.005,0
1084,Shuttle America Corp.,2014-05-01,0.363,0.427,0.204,0.007,0
1085,Shuttle America Corp.,2014-06-01,0.365,0.434,0.197,0.004,0
1086,Shuttle America Corp.,2014-07-01,0.372,0.425,0.198,0.004,0
1087,Shuttle America Corp.,2014-08-01,0.38,0.416,0.195,0.009,0
1088,Shuttle America Corp.,2014-09-01,0.404,0.383,0.202,0.01,0
1089,Shuttle America Corp.,2014-10-01,0.365,0.418,0.206,0.012,0
1090,Shuttle America Corp.,2014-11-01,0.348,0.431,0.216,0.005,0
1091,Shuttle America Corp.,2014-12-01,0.348,0.42,0.225,0.006,0
1092,Shuttle America Corp.,2015-01-01,0.443,0.403,0.15,0.003,0
1093,Shuttle America Corp.,2015-02-01,0.465,0.388,0.143,0.003,0
1094,Shuttle America Corp.,2015-03-01,0.445,0.414,0.135,0.007,0
1095,Shuttle America Corp.,2015-04-01,0.504,0.364,0.127,0.006,0
1096,Shuttle America Corp.,2015-05-01,0.475,0.395,0.125,0.005,0
1097,Shuttle America Corp.,2015-06-01,0.479,0.369,0.147,0.005,0
1098,Shuttle America Corp.,2015-07-01,0.517,0.361,0.117,0.005,0
1099,Shuttle America Corp.,2015-08-01,0.481,0.367,0.145,0.008,0
1100,Shuttle America Corp.,2015-09-01,0.497,0.349,0.148,0.007,0
1101,Shuttle America Corp.,2015-10-01,0.506,0.347,0.14,0.007,0
1102,Shuttle America Corp.,2015-11-01,0.525,0.327,0.141,0.007,0
1103,Shuttle America Corp.,2015-12-01,0.46,0.372,0.159,0.009,0
1104,Shuttle America Corp.,2016-01-01,0.469,0.357,0.164,0.01,0
1105,Shuttle America Corp.,2016-02-01,0.545,0.331,0.117,0.008,0
1106,Shuttle America Corp.,2016-03-01,0.493,0.346,0.155,0.006,0
1107,Shuttle America Corp.,2016-04-01,0.486,0.358,0.15,0.006,0
1108,Shuttle America Corp.,2016-05-01,0.463,0.384,0.148,0.005,0
1109,Shuttle America Corp.,2016-06-01,0.447,0.405,0.143,0.004,0
1110,Shuttle America Corp.,2016-07-01,0.507,0.354,0.136,0.002,0
1111,Shuttle America Corp.,2016-08-01,0.524,0.364,0.107,0.005,0
1112,Shuttle America Corp.,2016-09-01,0.545,0.323,0.12,0.011,0
1113,Shuttle America Corp.,2016-10-01,0.52,0.352,0.117,0.012,0
1114,Shuttle America Corp.,2016-11-01,0.467,0.381,0.144,0.007,0
1115,Shuttle America Corp.,2016-12-01,0.424,0.406,0.164,0.006,0
1116,SkyWest Airlines Inc.,2014-01-01,0.482,0.41,0.1,0.008,0.001
1117,SkyWest Airlines Inc.,2014-02-01,0.492,0.406,0.098,0.004,0
1118,SkyWest Airlines Inc.,2014-03-01,0.485,0.403,0.106,0.005,0
1119,SkyWest Airlines Inc.,2014-04-01,0.498,0.391,0.106,0.005,0
1120,SkyWest Airlines Inc.,2014-05-01,0.51,0.389,0.096,0.005,0
1121,SkyWest Airlines Inc.,2014-06-01,0.492,0.403,0.102,0.003,0
1122,SkyWest Airlines Inc.,2014-07-01,0.469,0.43,0.097,0.003,0.001
1123,SkyWest Airlines Inc.,2014-08-01,0.486,0.423,0.088,0.004,0
1124,SkyWest Airlines Inc.,2014-09-01,0.491,0.414,0.089,0.006,0
1125,SkyWest Airlines Inc.,2014-10-01,0.486,0.408,0.096,0.009,0
1126,SkyWest Airlines Inc.,2014-11-01,0.489,0.403,0.098,0.01,0.001
1127,SkyWest Airlines Inc.,2014-12-01,0.469,0.404,0.115,0.011,0
1128,SkyWest Airlines Inc.,2015-01-01,0.477,0.413,0.101,0.008,0.001
1129,SkyWest Airlines Inc.,2015-02-01,0.458,0.425,0.108,0.01,0
1130,SkyWest Airlines Inc.,2015-03-01,0.464,0.433,0.095,0.008,0.001
1131,SkyWest Airlines Inc.,2015-04-01,0.472,0.422,0.096,0.01,0
1132,SkyWest Airlines Inc.,2015-05-01,0.482,0.417,0.092,0.008,0
1133,SkyWest Airlines Inc.,2015-06-01,0.468,0.428,0.096,0.007,0
1134,SkyWest Airlines Inc.,2015-07-01,0.469,0.422,0.098,0.011,0
1135,SkyWest Airlines Inc.,2015-08-01,0.469,0.417,0.103,0.011,0
1136,SkyWest Airlines Inc.,2015-09-01,0.456,0.433,0.097,0.013,0.001
1137,SkyWest Airlines Inc.,2015-10-01,0.479,0.409,0.096,0.016,0
1138,SkyWest Airlines Inc.,2015-11-01,0.454,0.404,0.123,0.018,0.001
1139,SkyWest Airlines Inc.,2015-12-01,0.451,0.408,0.125,0.016,0
1140,SkyWest Airlines Inc.,2016-01-01,0.474,0.404,0.107,0.016,0
1141,SkyWest Airlines Inc.,2016-02-01,0.469,0.416,0.096,0.017,0.001
1142,SkyWest Airlines Inc.,2016-03-01,0.461,0.416,0.104,0.019,0
1143,SkyWest Airlines Inc.,2016-04-01,0.477,0.393,0.109,0.02,0.001
1144,SkyWest Airlines Inc.,2016-05-01,0.48,0.407,0.097,0.017,0
1145,SkyWest Airlines Inc.,2016-06-01,0.464,0.421,0.103,0.011,0.001
1146,SkyWest Airlines Inc.,2016-07-01,0.471,0.422,0.091,0.016,0
1147,SkyWest Airlines Inc.,2016-08-01,0.473,0.415,0.097,0.015,0
1148,SkyWest Airlines Inc.,2016-09-01,0.503,0.385,0.096,0.015,0
1149,SkyWest Airlines Inc.,2016-10-01,0.489,0.389,0.101,0.019,0.001
1150,SkyWest Airlines Inc.,2016-11-01,0.504,0.376,0.104,0.015,0
1151,SkyWest Airlines Inc.,2016-12-01,0.487,0.397,0.099,0.017,0
1152,SkyWest Airlines Inc.,2017-01-01,0.493,0.385,0.103,0.019,0.0
1153,SkyWest Airlines Inc.,2017-02-01,0.499,0.384,0.101,0.016,0
1154,SkyWest Airlines Inc.,2017-03-01,0.493,0.401,0.088,0.018,0
1155,SkyWest Airlines Inc.,2017-04-01,0.527,0.368,0.086,0.019,0
1156,SkyWest Airlines Inc.,2017-05-01,0.537,0.361,0.084,0.017,0
1157,SkyWest Airlines Inc.,2017-06-01,0.519,0.386,0.082,0.012,0.0
1158,SkyWest Airlines Inc.,2017-07-01,0.516,0.388,0.079,0.016,0
1159,SkyWest Airlines Inc.,2017-08-01,0.519,0.381,0.085,0.014,0.0
1160,SkyWest Airlines Inc.,2017-09-01,0.517,0.382,0.085,0.016,0
1161,SkyWest Airlines Inc.,2017-10-01,0.528,0.375,0.082,0.015,0
1162,SkyWest Airlines Inc.,2017-11-01,0.528,0.371,0.087,0.014,0
1163,SkyWest Airlines Inc.,2017-12-01,0.511,0.387,0.087,0.015,0.0
1164,SkyWest Airlines Inc.,2018-01-01,0.52,0.373,0.091,0.016,0
1165,SkyWest Airlines Inc.,2018-02-01,0.517,0.368,0.101,0.013,0.0
1166,SkyWest Airlines Inc.,2018-03-01,0.512,0.383,0.089,0.015,0
1167,SkyWest Airlines Inc.,2018-04-01,0.507,0.395,0.085,0.012,0
1168,SkyWest Airlines Inc.,2018-05-01,0.552,0.356,0.08,0.012,0
1169,SkyWest Airlines Inc.,2018-06-01,0.516,0.386,0.085,0.014,0
1170,SkyWest Airlines Inc.,2018-07-01,0.525,0.381,0.083,0.011,0
1171,SkyWest Airlines Inc.,2018-08-01,0.515,0.385,0.086,0.014,0
1172,SkyWest Airlines Inc.,2018-09-01,0.53,0.368,0.086,0.015,0.0
1173,SkyWest Airlines Inc.,2018-10-01,0.53,0.374,0.082,0.014,0
1174,SkyWest Airlines Inc.,2018-11-01,0.526,0.373,0.087,0.015,0
1175,SkyWest Airlines Inc.,2018-12-01,0.511,0.392,0.083,0.014,0
1176,SkyWest Airlines Inc.,2019-01-01,0.498,0.397,0.09,0.013,0.001
1177,SkyWest Airlines Inc.,2019-02-01,0.515,0.378,0.09,0.016,0.0
1178,SkyWest Airlines Inc.,2019-03-01,0.499,0.391,0.093,0.016,0.0
1179,SkyWest Airlines Inc.,2019-04-01,0.519,0.39,0.078,0.013,0
1180,SkyWest Airlines Inc.,2019-05-01,0.543,0.364,0.081,0.012,0
1181,SkyWest Airlines Inc.,2019-06-01,0.512,0.383,0.091,0.014,0
1182,SkyWest Airlines Inc.,2019-07-01,0.511,0.38,0.095,0.014,0.0
1183,SkyWest Airlines Inc.,2019-08-01,0.51,0.388,0.092,0.009,0
1184,SkyWest Airlines Inc.,2019-09-01,0.514,0.385,0.086,0.016,0
1185,SkyWest Airlines Inc.,2019-10-01,0.488,0.403,0.089,0.02,0
1186,SkyWest Airlines Inc.,2019-11-01,0.503,0.391,0.091,0.014,0.0
1187,SkyWest Airlines Inc.,2019-12-01,0.482,0.417,0.085,0.016,0
1188,Southwest Airlines Co.,2014-01-01,0.325,0.37,0.202,0.087,0.016
1189,Southwest Airlines Co.,2014-02-01,0.327,0.372,0.208,0.08,0.014
1190,Southwest Airlines Co.,2014-03-01,0.315,0.368,0.216,0.088,0.014
1191,Southwest Airlines Co.,2014-04-01,0.32,0.377,0.208,0.082,0.013
1192,Southwest Airlines Co.,2014-05-01,0.339,0.373,0.195,0.081,0.012
1193,Southwest Airlines Co.,2014-06-01,0.326,0.37,0.193,0.092,0.019
1194,Southwest Airlines Co.,2014-07-01,0.319,0.383,0.188,0.089,0.021
1195,Southwest Airlines Co.,2014-08-01,0.318,0.381,0.186,0.094,0.021
1196,Southwest Airlines Co.,2014-09-01,0.345,0.377,0.173,0.087,0.018
1197,Southwest Airlines Co.,2014-10-01,0.332,0.391,0.18,0.08,0.017
1198,Southwest Airlines Co.,2014-11-01,0.303,0.4,0.197,0.083,0.016
1199,Southwest Airlines Co.,2014-12-01,0.305,0.403,0.198,0.078,0.015
1200,Southwest Airlines Co.,2015-01-01,0.301,0.391,0.203,0.084,0.019
1201,Southwest Airlines Co.,2015-02-01,0.305,0.389,0.212,0.076,0.018
1202,Southwest Airlines Co.,2015-03-01,0.292,0.384,0.222,0.085,0.017
1203,Southwest Airlines Co.,2015-04-01,0.289,0.385,0.219,0.089,0.018
1204,Southwest Airlines Co.,2015-05-01,0.316,0.378,0.205,0.084,0.018
1205,Southwest Airlines Co.,2015-06-01,0.302,0.375,0.204,0.094,0.025
1206,Southwest Airlines Co.,2015-07-01,0.308,0.385,0.196,0.087,0.022
1207,Southwest Airlines Co.,2015-08-01,0.299,0.379,0.204,0.097,0.022
1208,Southwest Airlines Co.,2015-09-01,0.315,0.39,0.186,0.09,0.017
1209,Southwest Airlines Co.,2015-10-01,0.307,0.395,0.19,0.089,0.019
1210,Southwest Airlines Co.,2015-11-01,0.288,0.387,0.212,0.09,0.022
1211,Southwest Airlines Co.,2015-12-01,0.301,0.386,0.205,0.088,0.02
1212,Southwest Airlines Co.,2016-01-01,0.29,0.383,0.215,0.092,0.02
1213,Southwest Airlines Co.,2016-02-01,0.299,0.381,0.214,0.088,0.018
1214,Southwest Airlines Co.,2016-03-01,0.282,0.383,0.219,0.097,0.019
1215,Southwest Airlines Co.,2016-04-01,0.283,0.373,0.222,0.103,0.02
1216,Southwest Airlines Co.,2016-05-01,0.313,0.377,0.196,0.094,0.021
1217,Southwest Airlines Co.,2016-06-01,0.304,0.367,0.199,0.107,0.024
1218,Southwest Airlines Co.,2016-07-01,0.305,0.375,0.197,0.102,0.021
1219,Southwest Airlines Co.,2016-08-01,0.305,0.368,0.193,0.109,0.024
1220,Southwest Airlines Co.,2016-09-01,0.312,0.379,0.183,0.104,0.022
1221,Southwest Airlines Co.,2016-10-01,0.301,0.382,0.191,0.104,0.022
1222,Southwest Airlines Co.,2016-11-01,0.277,0.39,0.202,0.107,0.024
1223,Southwest Airlines Co.,2016-12-01,0.286,0.381,0.206,0.1,0.027
1224,Southwest Airlines Co.,2017-01-01,0.288,0.374,0.209,0.103,0.026
1225,Southwest Airlines Co.,2017-02-01,0.291,0.384,0.209,0.095,0.022
1226,Southwest Airlines Co.,2017-03-01,0.276,0.386,0.216,0.1,0.023
1227,Southwest Airlines Co.,2017-04-01,0.278,0.382,0.216,0.1,0.024
1228,Southwest Airlines Co.,2017-05-01,0.292,0.386,0.197,0.101,0.024
1229,Southwest Airlines Co.,2017-06-01,0.294,0.382,0.196,0.104,0.023
1230,Southwest Airlines Co.,2017-07-01,0.296,0.391,0.184,0.106,0.023
1231,Southwest Airlines Co.,2017-08-01,0.298,0.388,0.185,0.104,0.023
1232,Southwest Airlines Co.,2017-09-01,0.294,0.387,0.181,0.112,0.025
1233,Southwest Airlines Co.,2017-10-01,0.274,0.38,0.192,0.123,0.03
1234,Southwest Airlines Co.,2017-11-01,0.259,0.387,0.205,0.121,0.028
1235,Southwest Airlines Co.,2017-12-01,0.262,0.377,0.211,0.123,0.026
1236,Southwest Airlines Co.,2018-01-01,0.26,0.37,0.221,0.119,0.03
1237,Southwest Airlines Co.,2018-02-01,0.26,0.378,0.221,0.112,0.029
1238,Southwest Airlines Co.,2018-03-01,0.248,0.376,0.227,0.117,0.031
1239,Southwest Airlines Co.,2018-04-01,0.255,0.366,0.224,0.121,0.032
1240,Southwest Airlines Co.,2018-05-01,0.269,0.371,0.2,0.121,0.037
1241,Southwest Airlines Co.,2018-06-01,0.24,0.364,0.213,0.141,0.039
1242,Southwest Airlines Co.,2018-07-01,0.234,0.361,0.213,0.147,0.042
1243,Southwest Airlines Co.,2018-08-01,0.237,0.358,0.215,0.147,0.042
1244,Southwest Airlines Co.,2018-09-01,0.27,0.365,0.196,0.128,0.039
1245,Southwest Airlines Co.,2018-10-01,0.251,0.37,0.205,0.13,0.043
1246,Southwest Airlines Co.,2018-11-01,0.249,0.375,0.213,0.125,0.037
1247,Southwest Airlines Co.,2018-12-01,0.243,0.378,0.215,0.127,0.036
1248,Southwest Airlines Co.,2019-01-01,0.253,0.366,0.22,0.125,0.035
1249,Southwest Airlines Co.,2019-02-01,0.254,0.369,0.229,0.119,0.027
1250,Southwest Airlines Co.,2019-03-01,0.244,0.369,0.227,0.125,0.033
1251,Southwest Airlines Co.,2019-04-01,0.254,0.372,0.222,0.12,0.032
1252,Southwest Airlines Co.,2019-05-01,0.271,0.377,0.198,0.12,0.033
1253,Southwest Airlines Co.,2019-06-01,0.27,0.363,0.208,0.126,0.032
1254,Southwest Airlines Co.,2019-07-01,0.273,0.364,0.2,0.128,0.034
1255,Southwest Airlines Co.,2019-08-01,0.27,0.377,0.198,0.125,0.029
1256,Southwest Airlines Co.,2019-09-01,0.264,0.381,0.204,0.122,0.028
1257,Southwest Airlines Co.,2019-10-01,0.277,0.38,0.195,0.118,0.031
1258,Southwest Airlines Co.,2019-11-01,0.26,0.376,0.214,0.116,0.034
1259,Southwest Airlines Co.,2019-12-01,0.259,0.374,0.216,0.117,0.033
1260,Spirit Air Lines,2014-01-01,0.138,0.389,0.381,0.061,0.032
1261,Spirit Air Lines,2014-02-01,0.137,0.406,0.357,0.064,0.036
1262,Spirit Air Lines,2014-03-01,0.163,0.376,0.384,0.047,0.031
1263,Spirit Air Lines,2014-04-01,0.173,0.369,0.362,0.059,0.037
1264,Spirit Air Lines,2014-05-01,0.189,0.417,0.28,0.088,0.026
1265,Spirit Air Lines,2014-06-01,0.181,0.399,0.3,0.092,0.027
1266,Spirit Air Lines,2014-07-01,0.18,0.39,0.287,0.103,0.04
1267,Spirit Air Lines,2014-08-01,0.185,0.413,0.277,0.099,0.026
1268,Spirit Air Lines,2014-09-01,0.164,0.425,0.29,0.085,0.035
1269,Spirit Air Lines,2014-10-01,0.153,0.46,0.283,0.07,0.033
1270,Spirit Air Lines,2014-11-01,0.125,0.444,0.333,0.068,0.03
1271,Spirit Air Lines,2014-12-01,0.126,0.422,0.35,0.069,0.032
1272,Spirit Air Lines,2015-01-01,0.113,0.421,0.382,0.052,0.032
1273,Spirit Air Lines,2015-02-01,0.138,0.411,0.364,0.06,0.028
1274,Spirit Air Lines,2015-03-01,0.14,0.398,0.366,0.061,0.035
1275,Spirit Air Lines,2015-04-01,0.135,0.442,0.274,0.1,0.049
1276,Spirit Air Lines,2015-05-01,0.175,0.423,0.276,0.096,0.03
1277,Spirit Air Lines,2015-06-01,0.157,0.442,0.27,0.093,0.035
1278,Spirit Air Lines,2015-07-01,0.152,0.456,0.248,0.107,0.037
1279,Spirit Air Lines,2015-08-01,0.164,0.425,0.261,0.106,0.045
1280,Spirit Air Lines,2015-09-01,0.129,0.452,0.249,0.121,0.049
1281,Spirit Air Lines,2015-10-01,0.127,0.443,0.285,0.096,0.049
1282,Spirit Air Lines,2015-11-01,0.115,0.451,0.293,0.093,0.048
1283,Spirit Air Lines,2015-12-01,0.12,0.393,0.351,0.088,0.048
1284,Spirit Air Lines,2016-01-01,0.112,0.412,0.332,0.1,0.042
1285,Spirit Air Lines,2016-02-01,0.124,0.449,0.305,0.084,0.038
1286,Spirit Air Lines,2016-03-01,0.141,0.442,0.296,0.079,0.042
1287,Spirit Air Lines,2016-04-01,0.148,0.434,0.272,0.1,0.045
1288,Spirit Air Lines,2016-05-01,0.173,0.449,0.229,0.11,0.04
1289,Spirit Air Lines,2016-06-01,0.165,0.44,0.248,0.11,0.037
1290,Spirit Air Lines,2016-07-01,0.183,0.411,0.263,0.108,0.035
1291,Spirit Air Lines,2016-08-01,0.169,0.435,0.245,0.104,0.047
1292,Spirit Air Lines,2016-09-01,0.164,0.44,0.245,0.113,0.038
1293,Spirit Air Lines,2016-10-01,0.146,0.461,0.256,0.1,0.037
1294,Spirit Air Lines,2016-11-01,0.122,0.435,0.289,0.107,0.046
1295,Spirit Air Lines,2016-12-01,0.117,0.431,0.314,0.095,0.043
1296,Spirit Air Lines,2017-01-01,0.126,0.425,0.308,0.087,0.053
1297,Spirit Air Lines,2017-02-01,0.131,0.444,0.293,0.08,0.051
1298,Spirit Air Lines,2017-03-01,0.139,0.444,0.296,0.077,0.044
1299,Spirit Air Lines,2017-04-01,0.132,0.434,0.298,0.095,0.041
1300,Spirit Air Lines,2017-05-01,0.144,0.423,0.267,0.108,0.058
1301,Spirit Air Lines,2017-06-01,0.149,0.422,0.268,0.108,0.053
1302,Spirit Air Lines,2017-07-01,0.151,0.409,0.266,0.109,0.066
1303,Spirit Air Lines,2017-08-01,0.156,0.424,0.254,0.11,0.056
1304,Spirit Air Lines,2017-09-01,0.134,0.414,0.274,0.109,0.07
1305,Spirit Air Lines,2017-10-01,0.141,0.426,0.271,0.098,0.065
1306,Spirit Air Lines,2017-11-01,0.104,0.434,0.314,0.084,0.065
1307,Spirit Air Lines,2017-12-01,0.105,0.416,0.347,0.079,0.053
1308,Spirit Air Lines,2018-01-01,0.096,0.421,0.331,0.088,0.064
1309,Spirit Air Lines,2018-02-01,0.113,0.431,0.314,0.077,0.066
1310,Spirit Air Lines,2018-03-01,0.129,0.419,0.292,0.087,0.073
1311,Spirit Air Lines,2018-04-01,0.126,0.417,0.28,0.111,0.064
1312,Spirit Air Lines,2018-05-01,0.14,0.397,0.274,0.121,0.065
1313,Spirit Air Lines,2018-06-01,0.148,0.413,0.271,0.11,0.054
1314,Spirit Air Lines,2018-07-01,0.156,0.413,0.244,0.121,0.062
1315,Spirit Air Lines,2018-08-01,0.142,0.423,0.262,0.112,0.055
1316,Spirit Air Lines,2018-09-01,0.125,0.427,0.259,0.117,0.069
1317,Spirit Air Lines,2018-10-01,0.149,0.447,0.25,0.1,0.054
1318,Spirit Air Lines,2018-11-01,0.121,0.444,0.288,0.088,0.059
1319,Spirit Air Lines,2018-12-01,0.114,0.434,0.318,0.083,0.05
1320,Spirit Air Lines,2019-01-01,0.114,0.447,0.308,0.08,0.05
1321,Spirit Air Lines,2019-02-01,0.125,0.441,0.32,0.074,0.04
1322,Spirit Air Lines,2019-03-01,0.122,0.465,0.29,0.08,0.042
1323,Spirit Air Lines,2019-04-01,0.138,0.445,0.289,0.085,0.043
1324,Spirit Air Lines,2019-05-01,0.141,0.438,0.271,0.095,0.055
1325,Spirit Air Lines,2019-06-01,0.171,0.442,0.228,0.108,0.051
1326,Spirit Air Lines,2019-07-01,0.175,0.42,0.243,0.115,0.047
1327,Spirit Air Lines,2019-08-01,0.16,0.44,0.24,0.108,0.052
1328,Spirit Air Lines,2019-09-01,0.156,0.44,0.247,0.108,0.049
1329,Spirit Air Lines,2019-10-01,0.161,0.466,0.236,0.091,0.046
1330,Spirit Air Lines,2019-11-01,0.138,0.454,0.269,0.09,0.048
1331,Spirit Air Lines,2019-12-01,0.118,0.44,0.3,0.1,0.042
1332,Sun Country Airlines d/b/a MN Airlines,2014-01-01,0.135,0.265,0.452,0.122,0.026
1333,Sun Country Airlines d/b/a MN Airlines,2014-02-01,0.095,0.241,0.508,0.126,0.025
1334,Sun Country Airlines d/b/a MN Airlines,2014-03-01,0.1,0.28,0.481,0.1,0.038
1335,Sun Country Airlines d/b/a MN Airlines,2014-04-01,0.154,0.254,0.45,0.121,0.021
1336,Sun Country Airlines d/b/a MN Airlines,2014-05-01,0.142,0.303,0.445,0.109,0
1337,Sun Country Airlines d/b/a MN Airlines,2014-06-01,0.196,0.352,0.374,0.059,0
1338,Sun Country Airlines d/b/a MN Airlines,2014-07-01,0.18,0.368,0.338,0.088,0.009
1339,Sun Country Airlines d/b/a MN Airlines,2014-08-01,0.175,0.291,0.406,0.098,0.013
1340,Sun Country Airlines d/b/a MN Airlines,2014-09-01,0.199,0.411,0.268,0.114,0
1341,Sun Country Airlines d/b/a MN Airlines,2014-10-01,0.211,0.373,0.317,0.081,0.011
1342,Sun Country Airlines d/b/a MN Airlines,2014-11-01,0.258,0.397,0.264,0.075,0.007
1343,Sun Country Airlines d/b/a MN Airlines,2014-12-01,0.25,0.284,0.328,0.101,0.037
1344,Sun Country Airlines d/b/a MN Airlines,2015-01-01,0.238,0.313,0.352,0.071,0.025
1345,Sun Country Airlines d/b/a MN Airlines,2015-02-01,0.267,0.295,0.323,0.1,0.016
1346,Sun Country Airlines d/b/a MN Airlines,2015-03-01,0.277,0.295,0.298,0.095,0.028
1347,Sun Country Airlines d/b/a MN Airlines,2015-04-01,0.349,0.242,0.308,0.087,0.014
1348,Sun Country Airlines d/b/a MN Airlines,2015-05-01,0.308,0.242,0.346,0.088,0
1349,Sun Country Airlines d/b/a MN Airlines,2015-06-01,0.271,0.357,0.231,0.113,0.009
1350,Sun Country Airlines d/b/a MN Airlines,2015-07-01,0.342,0.298,0.276,0.061,0.004
1351,Sun Country Airlines d/b/a MN Airlines,2015-08-01,0.23,0.313,0.306,0.137,0
1352,Sun Country Airlines d/b/a MN Airlines,2015-09-01,0.153,0.344,0.341,0.144,0.019
1353,Sun Country Airlines d/b/a MN Airlines,2015-10-01,0.171,0.352,0.347,0.13,0
1354,Sun Country Airlines d/b/a MN Airlines,2015-11-01,0.149,0.363,0.332,0.118,0.025
1355,Sun Country Airlines d/b/a MN Airlines,2015-12-01,0.091,0.328,0.382,0.166,0.033
1356,Sun Country Airlines d/b/a MN Airlines,2016-01-01,0.104,0.396,0.367,0.116,0.017
1357,Sun Country Airlines d/b/a MN Airlines,2016-02-01,0.09,0.381,0.377,0.129,0.023
1358,Sun Country Airlines d/b/a MN Airlines,2016-03-01,0.123,0.382,0.34,0.115,0.037
1359,Sun Country Airlines d/b/a MN Airlines,2016-04-01,0.101,0.38,0.38,0.117,0.021
1360,Sun Country Airlines d/b/a MN Airlines,2016-05-01,0.103,0.385,0.344,0.153,0.009
1361,Sun Country Airlines d/b/a MN Airlines,2016-06-01,0.133,0.209,0.449,0.19,0.004
1362,Sun Country Airlines d/b/a MN Airlines,2016-07-01,0.094,0.269,0.423,0.197,0
1363,Sun Country Airlines d/b/a MN Airlines,2016-08-01,0.144,0.275,0.416,0.144,0.007
1364,Sun Country Airlines d/b/a MN Airlines,2016-09-01,0.144,0.424,0.288,0.131,0.008
1365,Sun Country Airlines d/b/a MN Airlines,2016-10-01,0.179,0.41,0.296,0.097,0.01
1366,Sun Country Airlines d/b/a MN Airlines,2016-11-01,0.131,0.342,0.359,0.148,0.018
1367,Sun Country Airlines d/b/a MN Airlines,2016-12-01,0.192,0.331,0.361,0.09,0.026
1368,Sun Country Airlines d/b/a MN Airlines,2017-01-01,0.135,0.312,0.431,0.11,0.012
1369,Sun Country Airlines d/b/a MN Airlines,2017-02-01,0.104,0.329,0.446,0.107,0.014
1370,Sun Country Airlines d/b/a MN Airlines,2017-03-01,0.101,0.345,0.372,0.121,0.052
1371,Sun Country Airlines d/b/a MN Airlines,2017-04-01,0.137,0.364,0.38,0.101,0.018
1372,Sun Country Airlines d/b/a MN Airlines,2017-05-01,0.099,0.348,0.416,0.118,0.013
1373,Sun Country Airlines d/b/a MN Airlines,2017-06-01,0.15,0.283,0.414,0.115,0.031
1374,Sun Country Airlines d/b/a MN Airlines,2017-07-01,0.078,0.216,0.502,0.188,0
1375,Sun Country Airlines d/b/a MN Airlines,2017-08-01,0.137,0.263,0.385,0.198,0.004
1376,Sun Country Airlines d/b/a MN Airlines,2017-09-01,0.163,0.368,0.311,0.132,0.022
1377,Sun Country Airlines d/b/a MN Airlines,2017-10-01,0.227,0.34,0.301,0.113,0.014
1378,Sun Country Airlines d/b/a MN Airlines,2017-11-01,0.174,0.351,0.339,0.118,0.017
1379,Sun Country Airlines d/b/a MN Airlines,2017-12-01,0.096,0.352,0.406,0.128,0.018
1380,Sun Country Airlines d/b/a MN Airlines,2018-01-01,0.1,0.291,0.451,0.14,0.017
1381,Sun Country Airlines d/b/a MN Airlines,2018-02-01,0.109,0.354,0.407,0.106,0.024
1382,Sun Country Airlines d/b/a MN Airlines,2018-03-01,0.101,0.349,0.347,0.174,0.029
1383,Sun Country Airlines d/b/a MN Airlines,2018-04-01,0.117,0.355,0.392,0.128,0.008
1384,Sun Country Airlines d/b/a MN Airlines,2018-05-01,0.094,0.308,0.396,0.161,0.023
1385,Sun Country Airlines d/b/a MN Airlines,2018-06-01,0.124,0.289,0.406,0.138,0.013
1386,Sun Country Airlines d/b/a MN Airlines,2018-07-01,0.086,0.234,0.445,0.191,0
1387,Sun Country Airlines d/b/a MN Airlines,2018-08-01,0.128,0.334,0.348,0.164,0.006
1388,Sun Country Airlines d/b/a MN Airlines,2018-09-01,0.166,0.359,0.315,0.136,0.011
1389,Sun Country Airlines d/b/a MN Airlines,2018-10-01,0.191,0.371,0.33,0.09,0.014
1390,Sun Country Airlines d/b/a MN Airlines,2018-11-01,0.162,0.395,0.325,0.09,0.018
1391,Sun Country Airlines d/b/a MN Airlines,2018-12-01,0.155,0.336,0.357,0.113,0.033
1392,Sun Country Airlines d/b/a MN Airlines,2019-01-01,0.155,0.374,0.34,0.101,0.023
1393,Sun Country Airlines d/b/a MN Airlines,2019-02-01,0.145,0.407,0.349,0.072,0.021
1394,Sun Country Airlines d/b/a MN Airlines,2019-03-01,0.158,0.349,0.314,0.134,0.037
1395,Sun Country Airlines d/b/a MN Airlines,2019-04-01,0.11,0.425,0.329,0.106,0.016
1396,Sun Country Airlines d/b/a MN Airlines,2019-05-01,0.097,0.357,0.35,0.152,0.027
1397,Sun Country Airlines d/b/a MN Airlines,2019-06-01,0.127,0.323,0.326,0.174,0.025
1398,Sun Country Airlines d/b/a MN Airlines,2019-07-01,0.138,0.352,0.293,0.158,0.035
1399,Sun Country Airlines d/b/a MN Airlines,2019-08-01,0.14,0.35,0.28,0.183,0.024
1400,Sun Country Airlines d/b/a MN Airlines,2019-09-01,0.192,0.384,0.266,0.121,0.029
1401,Sun Country Airlines d/b/a MN Airlines,2019-10-01,0.225,0.406,0.258,0.094,0.011
1402,Sun Country Airlines d/b/a MN Airlines,2019-11-01,0.251,0.38,0.257,0.085,0.019
1403,Sun Country Airlines d/b/a MN Airlines,2019-12-01,0.166,0.394,0.296,0.115,0.017
1404,US Airways Inc.,2014-01-01,0.304,0.355,0.127,0.117,0.077
1405,US Airways Inc.,2014-02-01,0.304,0.379,0.136,0.096,0.067
1406,US Airways Inc.,2014-03-01,0.278,0.392,0.125,0.112,0.076
1407,US Airways Inc.,2014-04-01,0.293,0.383,0.121,0.107,0.079
1408,US Airways Inc.,2014-05-01,0.313,0.344,0.137,0.099,0.087
1409,US Airways Inc.,2014-06-01,0.316,0.352,0.126,0.104,0.085
1410,US Airways Inc.,2014-07-01,0.302,0.331,0.137,0.12,0.092
1411,US Airways Inc.,2014-08-01,0.294,0.36,0.132,0.114,0.079
1412,US Airways Inc.,2014-09-01,0.299,0.38,0.132,0.099,0.073
1413,US Airways Inc.,2014-10-01,0.308,0.36,0.136,0.107,0.073
1414,US Airways Inc.,2014-11-01,0.262,0.368,0.148,0.125,0.075
1415,US Airways Inc.,2014-12-01,0.265,0.374,0.145,0.114,0.082
1416,US Airways Inc.,2015-01-01,0.263,0.375,0.143,0.118,0.077
1417,US Airways Inc.,2015-02-01,0.265,0.367,0.147,0.134,0.069
1418,US Airways Inc.,2015-03-01,0.229,0.386,0.162,0.122,0.08
1419,US Airways Inc.,2015-04-01,0.272,0.386,0.13,0.119,0.073
1420,US Airways Inc.,2015-05-01,0.275,0.356,0.146,0.118,0.087
1421,US Airways Inc.,2015-06-01,0.267,0.361,0.145,0.116,0.089
1422,United Air Lines Inc.,2014-01-01,0.142,0.279,0.206,0.181,0.148
1423,United Air Lines Inc.,2014-02-01,0.157,0.291,0.208,0.169,0.132
1424,United Air Lines Inc.,2014-03-01,0.149,0.286,0.213,0.184,0.125
1425,United Air Lines Inc.,2014-04-01,0.164,0.307,0.188,0.172,0.126
1426,United Air Lines Inc.,2014-05-01,0.188,0.29,0.196,0.162,0.122
1427,United Air Lines Inc.,2014-06-01,0.178,0.283,0.202,0.159,0.132
1428,United Air Lines Inc.,2014-07-01,0.179,0.277,0.2,0.155,0.141
1429,United Air Lines Inc.,2014-08-01,0.184,0.277,0.186,0.168,0.139
1430,United Air Lines Inc.,2014-09-01,0.177,0.292,0.219,0.145,0.124
1431,United Air Lines Inc.,2014-10-01,0.164,0.296,0.213,0.153,0.128
1432,United Air Lines Inc.,2014-11-01,0.155,0.31,0.2,0.161,0.132
1433,United Air Lines Inc.,2014-12-01,0.144,0.3,0.204,0.177,0.131
1434,United Air Lines Inc.,2015-01-01,0.151,0.282,0.211,0.183,0.13
1435,United Air Lines Inc.,2015-02-01,0.154,0.3,0.209,0.177,0.115
1436,United Air Lines Inc.,2015-03-01,0.168,0.285,0.219,0.173,0.11
1437,United Air Lines Inc.,2015-04-01,0.177,0.286,0.223,0.156,0.117
1438,United Air Lines Inc.,2015-05-01,0.204,0.27,0.221,0.147,0.116
1439,United Air Lines Inc.,2015-06-01,0.208,0.289,0.21,0.142,0.112
1440,United Air Lines Inc.,2015-07-01,0.192,0.287,0.208,0.143,0.122
1441,United Air Lines Inc.,2015-08-01,0.199,0.284,0.21,0.158,0.107
1442,United Air Lines Inc.,2015-09-01,0.203,0.312,0.219,0.129,0.1
1443,United Air Lines Inc.,2015-10-01,0.193,0.327,0.205,0.135,0.101
1444,United Air Lines Inc.,2015-11-01,0.191,0.312,0.217,0.148,0.097
1445,United Air Lines Inc.,2015-12-01,0.167,0.306,0.226,0.156,0.109
1446,United Air Lines Inc.,2016-01-01,0.172,0.308,0.222,0.157,0.104
1447,United Air Lines Inc.,2016-02-01,0.192,0.313,0.212,0.154,0.093
1448,United Air Lines Inc.,2016-03-01,0.176,0.311,0.22,0.159,0.099
1449,United Air Lines Inc.,2016-04-01,0.187,0.306,0.216,0.159,0.096
1450,United Air Lines Inc.,2016-05-01,0.204,0.329,0.196,0.148,0.089
1451,United Air Lines Inc.,2016-06-01,0.197,0.337,0.198,0.14,0.091
1452,United Air Lines Inc.,2016-07-01,0.214,0.323,0.188,0.145,0.094
1453,United Air Lines Inc.,2016-08-01,0.216,0.321,0.193,0.143,0.093
1454,United Air Lines Inc.,2016-09-01,0.214,0.334,0.198,0.127,0.095
1455,United Air Lines Inc.,2016-10-01,0.219,0.325,0.194,0.139,0.093
1456,United Air Lines Inc.,2016-11-01,0.213,0.334,0.191,0.138,0.093
1457,United Air Lines Inc.,2016-12-01,0.18,0.31,0.211,0.157,0.102
1458,United Air Lines Inc.,2017-01-01,0.186,0.308,0.207,0.165,0.096
1459,United Air Lines Inc.,2017-02-01,0.21,0.316,0.205,0.156,0.079
1460,United Air Lines Inc.,2017-03-01,0.191,0.317,0.206,0.152,0.098
1461,United Air Lines Inc.,2017-04-01,0.192,0.326,0.2,0.154,0.092
1462,United Air Lines Inc.,2017-05-01,0.2,0.332,0.196,0.149,0.087
1463,United Air Lines Inc.,2017-06-01,0.209,0.318,0.195,0.144,0.093
1464,United Air Lines Inc.,2017-07-01,0.22,0.309,0.202,0.138,0.09
1465,United Air Lines Inc.,2017-08-01,0.215,0.311,0.205,0.138,0.092
1466,United Air Lines Inc.,2017-09-01,0.214,0.33,0.183,0.135,0.098
1467,United Air Lines Inc.,2017-10-01,0.211,0.343,0.178,0.134,0.094
1468,United Air Lines Inc.,2017-11-01,0.192,0.345,0.19,0.142,0.099
1469,United Air Lines Inc.,2017-12-01,0.203,0.312,0.202,0.144,0.1
1470,United Air Lines Inc.,2018-01-01,0.205,0.311,0.202,0.143,0.1
1471,United Air Lines Inc.,2018-02-01,0.209,0.323,0.199,0.146,0.089
1472,United Air Lines Inc.,2018-03-01,0.201,0.317,0.195,0.147,0.101
1473,United Air Lines Inc.,2018-04-01,0.224,0.316,0.191,0.133,0.096
1474,United Air Lines Inc.,2018-05-01,0.262,0.312,0.171,0.125,0.091
1475,United Air Lines Inc.,2018-06-01,0.228,0.33,0.181,0.128,0.094
1476,United Air Lines Inc.,2018-07-01,0.24,0.329,0.186,0.126,0.085
1477,United Air Lines Inc.,2018-08-01,0.25,0.316,0.183,0.131,0.087
1478,United Air Lines Inc.,2018-09-01,0.235,0.321,0.193,0.132,0.082
1479,United Air Lines Inc.,2018-10-01,0.224,0.322,0.199,0.131,0.089
1480,United Air Lines Inc.,2018-11-01,0.235,0.337,0.186,0.121,0.094
1481,United Air Lines Inc.,2018-12-01,0.216,0.305,0.214,0.14,0.096
1482,United Air Lines Inc.,2019-01-01,0.214,0.302,0.202,0.145,0.103
1483,United Air Lines Inc.,2019-02-01,0.208,0.311,0.213,0.147,0.089
1484,United Air Lines Inc.,2019-03-01,0.186,0.308,0.219,0.149,0.103
1485,United Air Lines Inc.,2019-04-01,0.215,0.307,0.193,0.138,0.107
1486,United Air Lines Inc.,2019-05-01,0.238,0.316,0.187,0.134,0.097
1487,United Air Lines Inc.,2019-06-01,0.223,0.319,0.186,0.14,0.101
1488,United Air Lines Inc.,2019-07-01,0.229,0.313,0.184,0.137,0.103
1489,United Air Lines Inc.,2019-08-01,0.227,0.321,0.19,0.134,0.094
1490,United Air Lines Inc.,2019-09-01,0.224,0.322,0.197,0.13,0.097
1491,United Air Lines Inc.,2019-10-01,0.208,0.342,0.198,0.128,0.094
1492,United Air Lines Inc.,2019-11-01,0.209,0.339,0.199,0.126,0.096
1493,United Air Lines Inc.,2019-12-01,0.183,0.322,0.215,0.146,0.097
